filename,width,height,class,xmin,ymin,xmax,ymax
WIN_20220725_14_53_49_Pro.jpg,1920,1080,throat,654,304,770,396
WIN_20220725_14_53_49_Pro.jpg,1920,1080,throat,1010,308,1114,396
WIN_20220725_14_53_52_Pro.jpg,1920,1080,throat,650,140,766,252
WIN_20220725_14_53_52_Pro.jpg,1920,1080,throat,1022,132,1134,260
WIN_20220725_14_53_54_Pro.jpg,1920,1080,throat,510,312,618,420
WIN_20220725_14_53_54_Pro.jpg,1920,1080,throat,886,300,986,408
WIN_20220725_14_53_56_Pro.jpg,1920,1080,throat,790,356,914,452
WIN_20220725_14_53_56_Pro.jpg,1920,1080,throat,1162,336,1274,452
WIN_20220725_14_53_58_Pro.jpg,1920,1080,throat,746,280,938,424
WIN_20220725_14_53_58_Pro.jpg,1920,1080,throat,1258,252,1482,400
WIN_20220725_14_54_00_Pro.jpg,1920,1080,throat,834,288,986,416
WIN_20220725_14_54_00_Pro.jpg,1920,1080,throat,1338,268,1562,396
WIN_20220725_14_54_02_Pro.jpg,1920,1080,throat,754,216,946,368
WIN_20220725_14_54_02_Pro.jpg,1920,1080,throat,1302,180,1494,368
WIN_20220725_14_54_04_Pro.jpg,1920,1080,throat,650,164,806,272
WIN_20220725_14_54_04_Pro.jpg,1920,1080,throat,1126,132,1286,264
WIN_20220725_14_54_07_Pro.jpg,1920,1080,throat,590,256,742,372
WIN_20220725_14_54_07_Pro.jpg,1920,1080,throat,1038,224,1186,368
WIN_20220725_14_54_09_Pro.jpg,1920,1080,throat,370,268,590,368
WIN_20220725_14_54_09_Pro.jpg,1920,1080,throat,874,232,1022,356
WIN_20220725_14_54_11_Pro.jpg,1920,1080,throat,682,236,842,348
WIN_20220725_14_54_11_Pro.jpg,1920,1080,throat,1142,208,1282,332
WIN_20220725_14_54_13_Pro.jpg,1920,1080,throat,574,248,758,368
WIN_20220725_14_54_13_Pro.jpg,1920,1080,throat,1046,204,1142,368
WIN_20220725_14_54_15_Pro.jpg,1920,1080,throat,674,252,778,412
WIN_20220725_14_54_15_Pro.jpg,1920,1080,throat,1098,216,1270,388
WIN_20220725_15_14_09_Pro.jpg,1920,1080,throat,914,428,962,472
WIN_20220725_15_14_09_Pro.jpg,1920,1080,throat,1110,400,1170,476
WIN_20220725_15_14_19_Pro.jpg,1920,1080,throat,854,428,922,488
WIN_20220725_15_14_19_Pro.jpg,1920,1080,throat,1074,408,1166,468
WIN_20220725_15_14_21_Pro.jpg,1920,1080,throat,830,388,918,452
WIN_20220725_15_14_21_Pro.jpg,1920,1080,throat,1106,344,1218,432
WIN_20220725_15_14_23_Pro.jpg,1920,1080,throat,910,396,1006,452
WIN_20220725_15_14_23_Pro.jpg,1920,1080,throat,1210,332,1298,432
WIN_20220725_15_14_25_Pro.jpg,1920,1080,throat,794,384,902,444
WIN_20220725_15_14_25_Pro.jpg,1920,1080,throat,1090,340,1194,420
WIN_20220725_15_14_27_Pro.jpg,1920,1080,throat,666,372,770,432
WIN_20220725_15_14_27_Pro.jpg,1920,1080,throat,970,336,1050,428
WIN_20220725_15_14_29_Pro.jpg,1920,1080,throat,662,352,750,420
WIN_20220725_15_14_29_Pro.jpg,1920,1080,throat,970,312,1050,420
WIN_20220725_15_14_32_Pro.jpg,1920,1080,throat,686,384,778,444
WIN_20220725_15_14_32_Pro.jpg,1920,1080,throat,986,316,1054,432
WIN_20220725_15_14_34_Pro.jpg,1920,1080,throat,814,300,878,348
WIN_20220725_15_14_34_Pro.jpg,1920,1080,throat,1034,272,1094,348
WIN_20220725_15_14_36_Pro.jpg,1920,1080,throat,794,236,870,308
WIN_20220725_15_14_36_Pro.jpg,1920,1080,throat,1034,220,1102,308
WIN_20220725_15_14_38_Pro.jpg,1920,1080,throat,742,240,834,304
WIN_20220725_15_14_40_Pro.jpg,1920,1080,throat,1054,220,1134,312
WIN_20220725_15_14_40_Pro.jpg,1920,1080,throat,834,236,886,312
WIN_20220725_15_14_42_Pro.jpg,1920,1080,throat,802,268,890,352
WIN_20220725_15_14_42_Pro.jpg,1920,1080,throat,1030,244,1102,336
WIN_20220725_15_14_44_Pro.jpg,1920,1080,throat,778,236,858,336
WIN_20220725_15_14_44_Pro.jpg,1920,1080,throat,1022,236,1102,324
WIN_20220725_15_14_46_Pro.jpg,1920,1080,throat,786,340,886,420
WIN_20220725_15_14_46_Pro.jpg,1920,1080,throat,1078,320,1182,408
WIN_20220725_15_14_49_Pro.jpg,1920,1080,throat,738,396,830,472
WIN_20220725_15_14_49_Pro.jpg,1920,1080,throat,1022,376,1118,460
WIN_20220725_15_14_51_Pro.jpg,1920,1080,throat,694,392,810,468
WIN_20220725_15_14_51_Pro.jpg,1920,1080,throat,1014,368,1102,452
WIN_20220725_15_14_53_Pro.jpg,1920,1080,throat,722,360,842,436
WIN_20220725_15_14_55_Pro.jpg,1920,1080,throat,794,364,882,440
WIN_20220725_15_14_55_Pro.jpg,1920,1080,throat,1094,328,1178,416
WIN_20220725_15_14_57_Pro.jpg,1920,1080,throat,710,292,842,428
WIN_20220725_15_14_57_Pro.jpg,1920,1080,throat,1106,232,1222,400
WIN_20220725_15_14_59_Pro.jpg,1920,1080,throat,622,204,726,380
WIN_20220725_15_14_59_Pro.jpg,1920,1080,throat,974,188,1074,368
WIN_20220725_15_15_01_Pro.jpg,1920,1080,throat,878,312,990,448
WIN_20220725_15_15_01_Pro.jpg,1920,1080,throat,1250,296,1374,436
WIN_20220725_15_15_04_Pro.jpg,1920,1080,throat,798,404,906,552
WIN_20220725_15_15_04_Pro.jpg,1920,1080,throat,1166,368,1266,536
WIN_20220725_15_15_06_Pro.jpg,1920,1080,throat,750,364,866,520
WIN_20220725_15_15_06_Pro.jpg,1920,1080,throat,1150,332,1282,528
WIN_20220725_15_15_08_Pro.jpg,1920,1080,throat,850,280,942,404
WIN_20220725_15_15_08_Pro.jpg,1920,1080,throat,1178,252,1286,396
WIN_20220725_15_15_39_Pro.jpg,1920,1080,throat,818,412,898,484
WIN_20220725_15_15_39_Pro.jpg,1920,1080,throat,1062,384,1130,488
WIN_20220725_15_15_41_Pro.jpg,1920,1080,throat,642,348,726,424
WIN_20220725_15_15_41_Pro.jpg,1920,1080,throat,894,348,974,432
WIN_20220725_15_15_44_Pro.jpg,1920,1080,throat,666,320,762,400
WIN_20220725_15_15_44_Pro.jpg,1920,1080,throat,930,316,1026,396
WIN_20220725_15_15_46_Pro.jpg,1920,1080,throat,930,328,1022,388
WIN_20220725_15_15_46_Pro.jpg,1920,1080,throat,1198,320,1298,392
WIN_20220725_15_15_48_Pro.jpg,1920,1080,throat,926,304,1038,372
WIN_20220725_15_15_48_Pro.jpg,1920,1080,throat,1206,304,1302,380
WIN_20220725_15_15_50_Pro.jpg,1920,1080,throat,890,320,1010,380
WIN_20220725_15_15_50_Pro.jpg,1920,1080,throat,1174,312,1278,384
WIN_20220725_15_15_52_Pro.jpg,1920,1080,throat,1018,324,1098,388
WIN_20220725_15_15_52_Pro.jpg,1920,1080,throat,1278,308,1386,388
WIN_20220725_15_15_54_Pro.jpg,1920,1080,throat,1006,332,1110,404
WIN_20220725_15_15_54_Pro.jpg,1920,1080,throat,1278,312,1374,392
WIN_20220725_15_15_56_Pro.jpg,1920,1080,throat,926,356,1030,432
WIN_20220725_15_15_56_Pro.jpg,1920,1080,throat,1198,332,1274,424
WIN_20220725_15_15_59_Pro.jpg,1920,1080,throat,922,320,1034,428
WIN_20220725_15_15_59_Pro.jpg,1920,1080,throat,1274,276,1382,424
WIN_20220725_15_16_01_Pro.jpg,1920,1080,throat,862,316,1034,428
WIN_20220725_15_16_01_Pro.jpg,1920,1080,throat,1294,296,1478,428
WIN_20220725_15_16_03_Pro.jpg,1920,1080,throat,654,336,830,424
WIN_20220725_15_16_03_Pro.jpg,1920,1080,throat,1082,324,1238,440
WIN_20220725_15_16_05_Pro.jpg,1920,1080,throat,538,328,694,420
WIN_20220725_15_16_05_Pro.jpg,1920,1080,throat,966,332,1110,432
WIN_20220725_15_16_07_Pro.jpg,1920,1080,throat,890,332,1038,424
WIN_20220725_15_16_07_Pro.jpg,1920,1080,throat,1302,320,1474,412
WIN_20220725_15_16_09_Pro.jpg,1920,1080,throat,622,344,766,428
WIN_20220725_15_16_09_Pro.jpg,1920,1080,throat,1046,336,1182,444
WIN_20220725_15_16_11_Pro.jpg,1920,1080,throat,530,352,682,428
WIN_20220725_15_16_11_Pro.jpg,1920,1080,throat,974,340,1098,440
WIN_20220725_15_16_14_Pro.jpg,1920,1080,throat,770,332,934,416
WIN_20220725_15_16_14_Pro.jpg,1920,1080,throat,1218,312,1362,412
WIN_20220725_15_16_16_Pro.jpg,1920,1080,throat,774,332,918,424
WIN_20220725_15_16_16_Pro.jpg,1920,1080,throat,1190,300,1318,412
WIN_20220725_15_16_18_Pro.jpg,1920,1080,throat,698,348,898,456
WIN_20220725_15_16_18_Pro.jpg,1920,1080,throat,1230,312,1414,464
WIN_20220725_15_16_20_Pro.jpg,1920,1080,throat,978,340,1134,468
WIN_20220725_15_16_20_Pro.jpg,1920,1080,throat,1478,304,1706,440
WIN_20220725_15_16_22_Pro.jpg,1920,1080,throat,678,288,890,408
WIN_20220725_15_16_22_Pro.jpg,1920,1080,throat,1210,228,1382,388
WIN_20220725_15_16_24_Pro.jpg,1920,1080,throat,506,312,766,416
WIN_20220725_15_16_24_Pro.jpg,1920,1080,throat,1066,216,1218,416
WIN_20220725_15_16_26_Pro.jpg,1920,1080,throat,746,292,938,404
WIN_20220725_15_16_26_Pro.jpg,1920,1080,throat,1246,240,1414,400
WIN_20220725_15_17_39_Pro.jpg,1920,1080,throat,870,472,942,520
WIN_20220725_15_17_39_Pro.jpg,1920,1080,throat,1102,460,1178,520
WIN_20220725_15_17_42_Pro.jpg,1920,1080,throat,878,416,950,468
WIN_20220725_15_17_42_Pro.jpg,1920,1080,throat,1102,408,1170,472
WIN_20220725_15_17_44_Pro.jpg,1920,1080,throat,930,384,990,436
WIN_20220725_15_17_44_Pro.jpg,1920,1080,throat,1134,368,1182,436
WIN_20220725_15_17_46_Pro.jpg,1920,1080,throat,942,356,998,404
WIN_20220725_15_17_46_Pro.jpg,1920,1080,throat,1142,352,1202,412
WIN_20220725_15_17_48_Pro.jpg,1920,1080,throat,950,376,1018,420
WIN_20220725_15_17_48_Pro.jpg,1920,1080,throat,1162,364,1222,420
WIN_20220725_15_17_50_Pro.jpg,1920,1080,throat,1050,400,1130,456
WIN_20220725_15_17_50_Pro.jpg,1920,1080,throat,1330,396,1406,472
WIN_20220725_15_17_52_Pro.jpg,1920,1080,throat,834,320,906,380
WIN_20220725_15_17_52_Pro.jpg,1920,1080,throat,1094,308,1158,388
WIN_20220725_15_17_55_Pro.jpg,1920,1080,throat,994,420,1062,508
WIN_20220725_15_17_57_Pro.jpg,1920,1080,throat,786,452,878,540
WIN_20220725_15_17_57_Pro.jpg,1920,1080,throat,1090,436,1166,540
WIN_20220725_15_17_59_Pro.jpg,1920,1080,throat,866,452,926,528
WIN_20220725_15_17_59_Pro.jpg,1920,1080,throat,1138,444,1198,528
WIN_20220725_15_18_01_Pro.jpg,1920,1080,throat,1138,432,1238,548
WIN_20220725_15_18_01_Pro.jpg,1920,1080,throat,786,432,878,552
WIN_20220725_15_18_03_Pro.jpg,1920,1080,throat,790,460,858,548
WIN_20220725_15_18_03_Pro.jpg,1920,1080,throat,1070,468,1134,556
WIN_20220725_15_18_05_Pro.jpg,1920,1080,throat,1238,464,1298,560
WIN_20220725_15_18_05_Pro.jpg,1920,1080,throat,1006,468,1054,552
WIN_20220725_15_18_08_Pro.jpg,1920,1080,throat,1022,432,1070,512
WIN_20220725_15_18_08_Pro.jpg,1920,1080,throat,774,424,834,504
WIN_20220725_15_18_10_Pro.jpg,1920,1080,throat,634,452,730,564
WIN_20220725_15_18_10_Pro.jpg,1920,1080,throat,998,456,1070,580
WIN_20220725_15_18_12_Pro.jpg,1920,1080,throat,774,444,890,548
WIN_20220725_15_18_12_Pro.jpg,1920,1080,throat,1170,428,1266,564
WIN_20220725_15_18_14_Pro.jpg,1920,1080,throat,894,484,1002,576
WIN_20220725_15_18_14_Pro.jpg,1920,1080,throat,1278,492,1390,600
WIN_20220725_15_18_16_Pro.jpg,1920,1080,throat,906,492,1018,584
WIN_20220725_15_18_16_Pro.jpg,1920,1080,throat,1286,500,1394,616
WIN_20220725_15_18_18_Pro.jpg,1920,1080,throat,758,500,890,596
WIN_20220725_15_18_18_Pro.jpg,1920,1080,throat,1154,472,1242,584
WIN_20220725_15_18_21_Pro.jpg,1920,1080,throat,754,536,874,636
WIN_20220725_15_18_21_Pro.jpg,1920,1080,throat,1134,512,1238,620
WIN_20220725_15_18_23_Pro.jpg,1920,1080,throat,902,396,986,484
WIN_20220725_15_18_23_Pro.jpg,1920,1080,throat,1202,376,1282,488
WIN_20220725_15_18_25_Pro.jpg,1920,1080,throat,1102,428,1178,512
WIN_20220725_15_18_25_Pro.jpg,1920,1080,throat,1398,416,1478,516
WIN_20220725_15_18_27_Pro.jpg,1920,1080,throat,990,368,1054,428
WIN_20220725_15_18_29_Pro.jpg,1920,1080,throat,738,400,822,456
WIN_20220725_15_18_29_Pro.jpg,1920,1080,throat,990,388,1054,460
WIN_20220725_15_18_31_Pro.jpg,1920,1080,throat,734,368,798,428
WIN_20220725_15_18_31_Pro.jpg,1920,1080,throat,978,356,1046,444
WIN_20220725_15_18_34_Pro.jpg,1920,1080,throat,874,388,930,444
WIN_20220725_15_18_34_Pro.jpg,1920,1080,throat,1070,384,1138,456
WIN_20220725_15_18_36_Pro.jpg,1920,1080,throat,1034,456,1110,512
WIN_20220725_15_18_36_Pro.jpg,1920,1080,throat,1278,456,1346,520
WIN_20220725_15_18_38_Pro.jpg,1920,1080,throat,1050,436,1102,504
WIN_20220725_15_18_38_Pro.jpg,1920,1080,throat,1286,428,1346,512
WIN_20220725_15_18_40_Pro.jpg,1920,1080,throat,1094,444,1158,516
WIN_20220725_15_18_40_Pro.jpg,1920,1080,throat,850,456,902,520
WIN_20220725_15_18_44_Pro.jpg,1920,1080,throat,846,404,946,480
WIN_20220725_15_18_44_Pro.jpg,1920,1080,throat,1182,396,1278,496
WIN_20220725_15_18_46_Pro.jpg,1920,1080,throat,998,340,1078,456
WIN_20220725_15_18_46_Pro.jpg,1920,1080,throat,722,324,790,440
WIN_20220725_15_18_49_Pro.jpg,1920,1080,throat,934,308,1006,448
WIN_20220725_15_18_49_Pro.jpg,1920,1080,throat,654,320,726,432
WIN_20220725_15_18_51_Pro.jpg,1920,1080,throat,1106,336,1186,464
WIN_20220725_15_18_51_Pro.jpg,1920,1080,throat,830,336,898,456
WIN_20220725_15_18_53_Pro.jpg,1920,1080,throat,1182,340,1262,472
WIN_20220725_15_18_53_Pro.jpg,1920,1080,throat,890,376,982,444
WIN_20220725_15_18_55_Pro.jpg,1920,1080,throat,1102,380,1178,516
WIN_20220725_15_18_55_Pro.jpg,1920,1080,throat,758,392,870,496
WIN_20220725_15_18_57_Pro.jpg,1920,1080,throat,758,404,874,492
WIN_20220725_15_18_57_Pro.jpg,1920,1080,throat,1118,408,1182,516
WIN_20220725_15_18_59_Pro.jpg,1920,1080,throat,774,380,874,468
WIN_20220725_15_18_59_Pro.jpg,1920,1080,throat,1110,372,1190,488
WIN_20220725_15_19_02_Pro.jpg,1920,1080,throat,766,396,878,472
WIN_20220725_15_19_02_Pro.jpg,1920,1080,throat,1114,372,1198,496
WIN_20220725_15_19_04_Pro.jpg,1920,1080,throat,618,396,782,520
WIN_20220725_15_19_04_Pro.jpg,1920,1080,throat,1114,368,1246,544
WIN_20220725_15_19_06_Pro.jpg,1920,1080,throat,462,388,646,496
WIN_20220725_15_19_06_Pro.jpg,1920,1080,throat,954,352,1086,504
WIN_20220725_15_19_08_Pro.jpg,1920,1080,throat,802,384,910,456
WIN_20220725_15_19_08_Pro.jpg,1920,1080,throat,1134,368,1218,476
WIN_20220725_15_19_10_Pro.jpg,1920,1080,throat,918,384,1026,452
WIN_20220725_15_19_10_Pro.jpg,1920,1080,throat,1222,364,1298,468
WIN_20220725_15_19_12_Pro.jpg,1920,1080,throat,846,376,946,444
WIN_20220725_15_19_12_Pro.jpg,1920,1080,throat,1134,360,1206,464
WIN_20220725_15_19_15_Pro.jpg,1920,1080,throat,686,508,778,580
WIN_20220725_15_19_15_Pro.jpg,1920,1080,throat,970,484,1042,580
WIN_20220725_15_19_17_Pro.jpg,1920,1080,throat,654,444,754,508
WIN_20220725_15_19_17_Pro.jpg,1920,1080,throat,922,428,994,512
WIN_20220725_15_19_19_Pro.jpg,1920,1080,throat,930,460,1022,520
WIN_20220725_15_19_19_Pro.jpg,1920,1080,throat,1198,460,1286,544
WIN_20220725_15_19_21_Pro.jpg,1920,1080,throat,878,476,966,540
WIN_20220725_15_19_21_Pro.jpg,1920,1080,throat,1158,460,1230,560
WIN_20220725_15_19_23_Pro.jpg,1920,1080,throat,818,360,898,436
WIN_20220725_15_19_23_Pro.jpg,1920,1080,throat,1094,356,1178,448
WIN_20220725_15_22_48_Pro.jpg,1920,1080,throat,954,500,1014,556
WIN_20220725_15_22_48_Pro.jpg,1920,1080,throat,1154,484,1218,548
WIN_20220725_15_22_50_Pro.jpg,1920,1080,throat,1114,504,1178,552
WIN_20220725_15_22_50_Pro.jpg,1920,1080,throat,1326,484,1390,556
WIN_20220725_15_22_52_Pro.jpg,1920,1080,throat,902,504,946,560
WIN_20220725_15_22_52_Pro.jpg,1920,1080,throat,1098,488,1158,560
WIN_20220725_15_22_55_Pro.jpg,1920,1080,throat,950,408,1046,472
WIN_20220725_15_22_55_Pro.jpg,1920,1080,throat,1210,364,1290,468
WIN_20220725_15_22_57_Pro.jpg,1920,1080,throat,882,408,954,476
WIN_20220725_15_22_57_Pro.jpg,1920,1080,throat,1134,380,1198,472
WIN_20220725_15_22_59_Pro.jpg,1920,1080,throat,926,392,1018,460
WIN_20220725_15_22_59_Pro.jpg,1920,1080,throat,1186,344,1250,452
WIN_20220725_15_23_01_Pro.jpg,1920,1080,throat,934,296,1010,364
WIN_20220725_15_23_01_Pro.jpg,1920,1080,throat,1174,260,1254,356
WIN_20220725_15_23_03_Pro.jpg,1920,1080,throat,1234,364,1318,424
WIN_20220725_15_23_03_Pro.jpg,1920,1080,throat,966,388,1058,440
WIN_20220725_15_23_06_Pro.jpg,1920,1080,throat,1086,388,1150,452
WIN_20220725_15_23_06_Pro.jpg,1920,1080,throat,1346,372,1414,436
WIN_20220725_15_23_08_Pro.jpg,1920,1080,throat,1406,316,1490,392
WIN_20220725_15_23_10_Pro.jpg,1920,1080,throat,1110,388,1186,480
WIN_20220725_15_23_10_Pro.jpg,1920,1080,throat,826,404,906,500
WIN_20220725_15_23_12_Pro.jpg,1920,1080,throat,1158,400,1242,504
WIN_20220725_15_23_12_Pro.jpg,1920,1080,throat,874,392,946,496
WIN_20220725_15_23_14_Pro.jpg,1920,1080,throat,1202,420,1278,520
WIN_20220725_15_23_14_Pro.jpg,1920,1080,throat,910,424,978,516
WIN_20220725_15_23_16_Pro.jpg,1920,1080,throat,1218,404,1290,520
WIN_20220725_15_23_16_Pro.jpg,1920,1080,throat,910,416,986,500
WIN_20220725_15_23_19_Pro.jpg,1920,1080,throat,1218,380,1298,516
WIN_20220725_15_23_19_Pro.jpg,1920,1080,throat,870,400,970,504
WIN_20220725_15_23_21_Pro.jpg,1920,1080,throat,1182,376,1262,492
WIN_20220725_15_23_21_Pro.jpg,1920,1080,throat,902,392,986,492
WIN_20220725_15_23_23_Pro.jpg,1920,1080,throat,1058,376,1130,476
WIN_20220725_15_23_23_Pro.jpg,1920,1080,throat,790,384,870,472
WIN_20220725_15_23_25_Pro.jpg,1920,1080,throat,1238,372,1302,460
WIN_20220725_15_23_25_Pro.jpg,1920,1080,throat,986,380,1046,464
WIN_20220725_15_23_27_Pro.jpg,1920,1080,throat,1042,400,1098,496
WIN_20220725_15_23_27_Pro.jpg,1920,1080,throat,758,428,858,496
WIN_20220725_15_23_29_Pro.jpg,1920,1080,throat,1114,424,1178,504
WIN_20220725_15_23_29_Pro.jpg,1920,1080,throat,854,432,930,504
WIN_20220725_15_23_32_Pro.jpg,1920,1080,throat,1122,452,1178,532
WIN_20220725_15_23_32_Pro.jpg,1920,1080,throat,866,452,938,540
WIN_20220725_15_23_34_Pro.jpg,1920,1080,throat,1134,440,1190,524
WIN_20220725_15_23_34_Pro.jpg,1920,1080,throat,894,444,950,524
WIN_20220725_15_23_36_Pro.jpg,1920,1080,throat,1182,404,1242,508
WIN_20220725_15_23_36_Pro.jpg,1920,1080,throat,922,440,1014,500
WIN_20220725_15_23_38_Pro.jpg,1920,1080,throat,1114,508,1194,584
WIN_20220725_15_23_38_Pro.jpg,1920,1080,throat,862,508,938,584
WIN_20220725_15_23_40_Pro.jpg,1920,1080,throat,1130,480,1202,548
WIN_20220725_15_23_40_Pro.jpg,1920,1080,throat,866,480,954,548
WIN_20220725_15_23_43_Pro.jpg,1920,1080,throat,1114,472,1186,536
WIN_20220725_15_23_43_Pro.jpg,1920,1080,throat,914,472,990,532
WIN_20220725_15_23_45_Pro.jpg,1920,1080,throat,1290,512,1370,580
WIN_20220725_15_23_45_Pro.jpg,1920,1080,throat,1070,524,1150,568
WIN_20220725_15_23_47_Pro.jpg,1920,1080,throat,1018,528,1110,584
WIN_20220725_15_23_49_Pro.jpg,1920,1080,throat,946,528,1042,580
WIN_20220725_15_23_49_Pro.jpg,1920,1080,throat,1194,524,1290,580
WIN_20220725_15_23_51_Pro.jpg,1920,1080,throat,886,528,982,592
WIN_20220725_15_23_51_Pro.jpg,1920,1080,throat,1178,528,1286,596
WIN_20220725_15_23_53_Pro.jpg,1920,1080,throat,914,544,1022,600
WIN_20220725_15_23_53_Pro.jpg,1920,1080,throat,1190,528,1282,600
WIN_20220725_15_25_22_Pro.jpg,1920,1080,throat,890,272,998,360
WIN_20220725_15_25_22_Pro.jpg,1920,1080,throat,1158,272,1262,364
WIN_20220725_15_25_24_Pro.jpg,1920,1080,throat,838,216,950,288
WIN_20220725_15_25_24_Pro.jpg,1920,1080,throat,1154,196,1282,296
WIN_20220725_15_25_26_Pro.jpg,1920,1080,throat,818,196,958,280
WIN_20220725_15_25_26_Pro.jpg,1920,1080,throat,1134,188,1278,280
WIN_20220725_15_25_29_Pro.jpg,1920,1080,throat,1022,168,1122,236
WIN_20220725_15_25_29_Pro.jpg,1920,1080,throat,698,164,810,228
WIN_20220725_15_25_31_Pro.jpg,1920,1080,throat,1194,204,1294,264
WIN_20220725_15_25_31_Pro.jpg,1920,1080,throat,894,204,990,272
WIN_20220725_15_25_33_Pro.jpg,1920,1080,throat,1158,164,1342,264
WIN_20220725_15_25_33_Pro.jpg,1920,1080,throat,762,184,918,276
WIN_20220725_15_25_35_Pro.jpg,1920,1080,throat,1194,228,1406,336
WIN_20220725_15_25_35_Pro.jpg,1920,1080,throat,730,224,922,348
WIN_20220725_15_25_37_Pro.jpg,1920,1080,throat,1362,212,1526,312
WIN_20220725_15_25_37_Pro.jpg,1920,1080,throat,902,228,1062,320
WIN_20220725_15_25_40_Pro.jpg,1920,1080,throat,1042,172,1210,288
WIN_20220725_15_25_40_Pro.jpg,1920,1080,throat,522,172,734,284
WIN_20220725_15_25_42_Pro.jpg,1920,1080,throat,1090,272,1254,384
WIN_20220725_15_25_42_Pro.jpg,1920,1080,throat,602,276,810,392
WIN_20220725_15_25_44_Pro.jpg,1920,1080,throat,1114,212,1258,300
WIN_20220725_15_25_44_Pro.jpg,1920,1080,throat,794,216,946,300
WIN_20220725_15_25_46_Pro.jpg,1920,1080,throat,1086,140,1266,256
WIN_20220725_15_25_46_Pro.jpg,1920,1080,throat,758,188,878,264
WIN_20220725_15_25_48_Pro.jpg,1920,1080,throat,826,192,970,296
WIN_20220725_15_25_48_Pro.jpg,1920,1080,throat,1234,152,1386,280
WIN_20220725_15_25_50_Pro.jpg,1920,1080,throat,1194,152,1334,268
WIN_20220725_15_25_50_Pro.jpg,1920,1080,throat,786,176,926,280
WIN_20220725_15_25_53_Pro.jpg,1920,1080,throat,982,108,1094,268
WIN_20220725_15_25_53_Pro.jpg,1920,1080,throat,546,144,698,260
WIN_20220725_15_25_55_Pro.jpg,1920,1080,throat,1182,232,1310,384
WIN_20220725_15_25_55_Pro.jpg,1920,1080,throat,738,276,910,392
WIN_20220725_15_25_57_Pro.jpg,1920,1080,throat,1310,248,1426,384
WIN_20220725_15_25_57_Pro.jpg,1920,1080,throat,866,296,1034,396
WIN_20220725_15_25_59_Pro.jpg,1920,1080,throat,1314,232,1470,368
WIN_20220725_15_25_59_Pro.jpg,1920,1080,throat,866,288,1038,388
WIN_20220725_15_26_01_Pro.jpg,1920,1080,throat,1122,240,1222,400
WIN_20220725_15_26_01_Pro.jpg,1920,1080,throat,658,296,830,396
WIN_20220725_15_26_03_Pro.jpg,1920,1080,throat,1050,216,1158,372
WIN_20220725_15_26_03_Pro.jpg,1920,1080,throat,586,276,770,376
WIN_20220725_15_26_06_Pro.jpg,1920,1080,throat,1066,284,1182,364
WIN_20220725_15_26_06_Pro.jpg,1920,1080,throat,802,300,914,364
WIN_20220725_15_26_08_Pro.jpg,1920,1080,throat,1166,244,1326,380
WIN_20220725_15_26_08_Pro.jpg,1920,1080,throat,766,292,926,384
WIN_20220725_15_26_10_Pro.jpg,1920,1080,throat,1198,168,1358,336
WIN_20220725_15_26_10_Pro.jpg,1920,1080,throat,670,244,886,360
WIN_20220725_15_26_12_Pro.jpg,1920,1080,throat,1086,236,1222,364
WIN_20220725_15_26_12_Pro.jpg,1920,1080,throat,530,260,750,384
WIN_20220725_15_26_14_Pro.jpg,1920,1080,throat,1134,200,1282,348
WIN_20220725_15_26_14_Pro.jpg,1920,1080,throat,594,248,790,368
WIN_20220725_15_26_16_Pro.jpg,1920,1080,throat,1142,196,1278,356
WIN_20220725_15_26_16_Pro.jpg,1920,1080,throat,618,228,826,364
WIN_20220725_15_26_19_Pro.jpg,1920,1080,throat,1182,256,1338,356
WIN_20220725_15_26_19_Pro.jpg,1920,1080,throat,726,272,894,368
WIN_20220725_15_26_21_Pro.jpg,1920,1080,throat,1306,196,1462,296
WIN_20220725_15_26_21_Pro.jpg,1920,1080,throat,878,224,1026,320
WIN_20220725_15_26_23_Pro.jpg,1920,1080,throat,1118,152,1230,268
WIN_20220725_15_26_23_Pro.jpg,1920,1080,throat,734,184,854,280
WIN_20220725_15_26_25_Pro.jpg,1920,1080,throat,1038,164,1150,268
WIN_20220725_15_26_25_Pro.jpg,1920,1080,throat,662,168,770,276
WIN_20220725_15_26_27_Pro.jpg,1920,1080,throat,1422,112,1578,220
WIN_20220725_15_26_27_Pro.jpg,1920,1080,throat,982,172,1130,264
WIN_20220725_15_26_29_Pro.jpg,1920,1080,throat,1274,140,1394,260
WIN_20220725_15_26_29_Pro.jpg,1920,1080,throat,870,180,1010,284
WIN_20220725_15_26_32_Pro.jpg,1920,1080,throat,1182,208,1318,312
WIN_20220725_15_26_32_Pro.jpg,1920,1080,throat,778,216,918,312
WIN_20220725_15_26_34_Pro.jpg,1920,1080,throat,1166,180,1306,304
WIN_20220725_15_26_34_Pro.jpg,1920,1080,throat,778,192,918,320
WIN_20220725_15_29_25_Pro.jpg,1920,1080,throat,1234,176,1366,316
WIN_20220725_15_29_25_Pro.jpg,1920,1080,throat,850,216,970,324
WIN_20220725_15_29_27_Pro.jpg,1920,1080,throat,1182,276,1298,412
WIN_20220725_15_29_27_Pro.jpg,1920,1080,throat,770,316,890,428
WIN_20220725_15_29_29_Pro.jpg,1920,1080,throat,1094,320,1226,428
WIN_20220725_15_29_29_Pro.jpg,1920,1080,throat,682,340,818,436
WIN_20220725_15_29_32_Pro.jpg,1920,1080,throat,1122,284,1238,380
WIN_20220725_15_29_32_Pro.jpg,1920,1080,throat,786,288,898,388
WIN_20220725_15_29_34_Pro.jpg,1920,1080,throat,1090,296,1190,380
WIN_20220725_15_29_34_Pro.jpg,1920,1080,throat,774,300,878,388
WIN_20220725_15_29_36_Pro.jpg,1920,1080,throat,910,304,1022,404
WIN_20220725_15_29_36_Pro.jpg,1920,1080,throat,582,308,686,412
WIN_20220725_15_29_38_Pro.jpg,1920,1080,throat,1102,304,1198,420
WIN_20220725_15_29_38_Pro.jpg,1920,1080,throat,778,300,870,440
WIN_20220725_15_29_40_Pro.jpg,1920,1080,throat,1154,308,1234,428
WIN_20220725_15_29_40_Pro.jpg,1920,1080,throat,854,308,934,428
WIN_20220725_15_29_42_Pro.jpg,1920,1080,throat,1110,284,1198,408
WIN_20220725_15_29_42_Pro.jpg,1920,1080,throat,810,288,914,420
WIN_20220725_15_29_45_Pro.jpg,1920,1080,throat,1134,312,1238,420
WIN_20220725_15_29_45_Pro.jpg,1920,1080,throat,810,316,922,412
WIN_20220725_15_29_47_Pro.jpg,1920,1080,throat,1150,224,1298,336
WIN_20220725_15_29_47_Pro.jpg,1920,1080,throat,790,232,914,340
WIN_20220725_15_29_49_Pro.jpg,1920,1080,throat,1074,216,1202,364
WIN_20220725_15_29_49_Pro.jpg,1920,1080,throat,698,244,858,344
WIN_20220725_15_29_51_Pro.jpg,1920,1080,throat,1106,248,1258,364
WIN_20220725_15_29_51_Pro.jpg,1920,1080,throat,742,236,894,352
WIN_20220725_15_29_53_Pro.jpg,1920,1080,throat,1086,260,1218,368
WIN_20220725_15_29_53_Pro.jpg,1920,1080,throat,730,248,862,348
WIN_20220725_15_29_55_Pro.jpg,1920,1080,throat,1110,240,1250,348
WIN_20220725_15_29_55_Pro.jpg,1920,1080,throat,730,244,874,348
WIN_20220725_15_29_58_Pro.jpg,1920,1080,throat,1062,244,1194,356
WIN_20220725_15_29_58_Pro.jpg,1920,1080,throat,710,248,822,364
WIN_20220725_15_30_00_Pro.jpg,1920,1080,throat,1210,304,1354,416
WIN_20220725_15_30_00_Pro.jpg,1920,1080,throat,814,296,954,404
WIN_20220725_15_30_55_Pro.jpg,1920,1080,throat,1178,240,1266,408
WIN_20220725_15_30_55_Pro.jpg,1920,1080,throat,862,204,954,412
WIN_20220725_15_30_57_Pro.jpg,1920,1080,throat,1162,128,1250,300
WIN_20220725_15_30_57_Pro.jpg,1920,1080,throat,874,108,954,292
WIN_20220725_15_30_59_Pro.jpg,1920,1080,throat,1146,108,1238,244
WIN_20220725_15_30_59_Pro.jpg,1920,1080,throat,862,100,942,236
WIN_20220725_15_31_01_Pro.jpg,1920,1080,throat,1202,44,1294,204
WIN_20220725_15_31_01_Pro.jpg,1920,1080,throat,890,36,970,188
WIN_20220725_15_32_19_Pro.jpg,1920,1080,throat,1242,404,1346,540
WIN_20220725_15_32_19_Pro.jpg,1920,1080,throat,918,380,1014,544
WIN_20220725_15_32_21_Pro.jpg,1920,1080,throat,1254,420,1386,552
WIN_20220725_15_32_21_Pro.jpg,1920,1080,throat,878,396,1014,536
WIN_20220725_15_32_24_Pro.jpg,1920,1080,throat,1254,52,1374,196
WIN_20220725_15_32_24_Pro.jpg,1920,1080,throat,898,36,1014,196
WIN_20220725_15_32_26_Pro.jpg,1920,1080,throat,1338,300,1450,432
WIN_20220725_15_38_49_Pro.jpg,1920,1080,throat,1018,228,1102,304
WIN_20220725_15_38_49_Pro.jpg,1920,1080,throat,790,208,858,300
WIN_20220725_15_38_51_Pro.jpg,1920,1080,throat,1062,200,1130,308
WIN_20220725_15_38_51_Pro.jpg,1920,1080,throat,794,208,874,296
WIN_20220725_15_38_53_Pro.jpg,1920,1080,throat,1162,208,1246,300
WIN_20220725_15_38_53_Pro.jpg,1920,1080,throat,890,224,974,312
WIN_20220725_15_38_55_Pro.jpg,1920,1080,throat,1086,336,1170,408
WIN_20220725_15_38_55_Pro.jpg,1920,1080,throat,854,328,918,392
WIN_20220725_15_39_04_Pro.jpg,1920,1080,throat,1110,276,1214,388
WIN_20220725_15_39_04_Pro.jpg,1920,1080,throat,778,276,878,376
WIN_20220725_15_39_06_Pro.jpg,1920,1080,throat,1054,268,1154,392
WIN_20220725_15_39_06_Pro.jpg,1920,1080,throat,710,264,810,380
WIN_20220725_15_39_08_Pro.jpg,1920,1080,throat,1090,304,1178,404
WIN_20220725_15_39_08_Pro.jpg,1920,1080,throat,782,304,866,412
WIN_20220725_15_39_10_Pro.jpg,1920,1080,throat,1102,300,1190,404
WIN_20220725_15_39_10_Pro.jpg,1920,1080,throat,718,316,850,408
WIN_20220725_15_39_13_Pro.jpg,1920,1080,throat,1110,320,1246,424
WIN_20220725_15_39_13_Pro.jpg,1920,1080,throat,706,308,854,420
WIN_20220725_15_39_15_Pro.jpg,1920,1080,throat,1074,288,1170,384
WIN_20220725_15_39_15_Pro.jpg,1920,1080,throat,742,292,842,368
WIN_20220725_15_39_17_Pro.jpg,1920,1080,throat,1130,280,1226,376
WIN_20220725_15_39_17_Pro.jpg,1920,1080,throat,810,272,910,360
WIN_20220725_15_39_19_Pro.jpg,1920,1080,throat,1234,284,1342,396
WIN_20220725_15_39_19_Pro.jpg,1920,1080,throat,918,268,1002,372
WIN_20220725_15_39_21_Pro.jpg,1920,1080,throat,1082,284,1186,396
WIN_20220725_15_39_21_Pro.jpg,1920,1080,throat,730,300,850,384
WIN_20220725_15_39_23_Pro.jpg,1920,1080,throat,1146,316,1278,416
WIN_20220725_15_39_23_Pro.jpg,1920,1080,throat,810,280,914,396
WIN_20220725_15_40_01_Pro.jpg,1920,1080,throat,1066,360,1134,440
WIN_20220725_15_40_01_Pro.jpg,1920,1080,throat,830,364,902,432
WIN_20220725_15_40_03_Pro.jpg,1920,1080,throat,1058,376,1126,444
WIN_20220725_15_40_03_Pro.jpg,1920,1080,throat,826,372,898,436
WIN_20220725_15_40_05_Pro.jpg,1920,1080,throat,1154,388,1230,460
WIN_20220725_15_40_05_Pro.jpg,1920,1080,throat,906,396,978,464
WIN_20220725_15_40_07_Pro.jpg,1920,1080,throat,1162,380,1222,456
WIN_20220725_15_40_07_Pro.jpg,1920,1080,throat,910,404,986,472
WIN_20220725_15_40_09_Pro.jpg,1920,1080,throat,1134,408,1226,472
WIN_20220725_15_40_09_Pro.jpg,1920,1080,throat,910,412,986,472
WIN_20220725_15_40_12_Pro.jpg,1920,1080,throat,1034,392,1114,452
WIN_20220725_15_40_12_Pro.jpg,1920,1080,throat,770,396,882,460
WIN_20220725_15_40_14_Pro.jpg,1920,1080,throat,1062,372,1150,452
WIN_20220725_15_40_14_Pro.jpg,1920,1080,throat,786,368,890,444
WIN_20220725_15_40_16_Pro.jpg,1920,1080,throat,1118,276,1238,388
WIN_20220725_15_40_16_Pro.jpg,1920,1080,throat,814,264,922,392
WIN_20220725_15_40_18_Pro.jpg,1920,1080,throat,1134,276,1230,396
WIN_20220725_15_40_18_Pro.jpg,1920,1080,throat,802,264,894,404
WIN_20220725_15_40_20_Pro.jpg,1920,1080,throat,1218,240,1322,384
WIN_20220725_15_40_20_Pro.jpg,1920,1080,throat,910,252,998,388
WIN_20220725_15_40_22_Pro.jpg,1920,1080,throat,1022,324,1114,440
WIN_20220725_15_40_22_Pro.jpg,1920,1080,throat,686,352,806,456
WIN_20220725_15_40_25_Pro.jpg,1920,1080,throat,1066,316,1178,424
WIN_20220725_15_40_25_Pro.jpg,1920,1080,throat,698,324,822,440
WIN_20220725_15_40_27_Pro.jpg,1920,1080,throat,1050,364,1142,444
WIN_20220725_15_40_27_Pro.jpg,1920,1080,throat,778,360,874,440
WIN_20220725_15_40_29_Pro.jpg,1920,1080,throat,1046,380,1118,440
WIN_20220725_15_40_29_Pro.jpg,1920,1080,throat,802,384,878,448
WIN_20220725_15_40_31_Pro.jpg,1920,1080,throat,1074,380,1158,452
WIN_20220725_15_40_31_Pro.jpg,1920,1080,throat,830,392,910,456
WIN_20220725_15_40_33_Pro.jpg,1920,1080,throat,1234,352,1338,412
WIN_20220725_15_40_33_Pro.jpg,1920,1080,throat,986,344,1074,420
WIN_20220725_15_40_35_Pro.jpg,1920,1080,throat,1130,348,1222,420
WIN_20220725_15_40_35_Pro.jpg,1920,1080,throat,862,348,950,420
WIN_20220725_15_40_38_Pro.jpg,1920,1080,throat,982,336,1058,428
WIN_20220725_15_40_38_Pro.jpg,1920,1080,throat,706,368,798,432
WIN_20220725_15_40_40_Pro.jpg,1920,1080,throat,986,284,1070,400
WIN_20220725_15_40_40_Pro.jpg,1920,1080,throat,678,328,794,396
WIN_20220725_15_40_42_Pro.jpg,1920,1080,throat,922,344,1022,412
WIN_20220725_15_40_42_Pro.jpg,1920,1080,throat,602,340,730,416
WIN_20220725_15_40_44_Pro.jpg,1920,1080,throat,1030,412,1122,480
WIN_20220725_15_40_44_Pro.jpg,1920,1080,throat,730,424,838,480
WIN_20220725_15_40_46_Pro.jpg,1920,1080,throat,1066,264,1174,340
WIN_20220725_15_40_46_Pro.jpg,1920,1080,throat,734,272,850,344
WIN_20220725_15_40_49_Pro.jpg,1920,1080,throat,1134,300,1238,380
WIN_20220725_15_40_49_Pro.jpg,1920,1080,throat,846,296,946,380
WIN_20220725_15_40_51_Pro.jpg,1920,1080,throat,1038,352,1122,408
WIN_20220725_15_40_51_Pro.jpg,1920,1080,throat,794,344,882,400
WIN_20220725_15_41_57_Pro.jpg,1920,1080,throat,1038,264,1110,324
WIN_20220725_15_41_57_Pro.jpg,1920,1080,throat,882,276,950,328
WIN_20220725_15_41_59_Pro.jpg,1920,1080,throat,1134,268,1218,328
WIN_20220725_15_41_59_Pro.jpg,1920,1080,throat,958,280,1030,320
WIN_20220725_15_42_02_Pro.jpg,1920,1080,throat,966,328,1038,372
WIN_20220725_15_42_04_Pro.jpg,1920,1080,throat,994,312,1066,364
WIN_20220725_15_42_04_Pro.jpg,1920,1080,throat,834,320,898,368
WIN_20220725_15_42_06_Pro.jpg,1920,1080,throat,986,276,1058,324
WIN_20220725_15_42_06_Pro.jpg,1920,1080,throat,810,268,878,320
WIN_20220725_15_42_08_Pro.jpg,1920,1080,throat,1022,292,1082,336
WIN_20220725_15_42_08_Pro.jpg,1920,1080,throat,858,296,930,336
WIN_20220725_15_42_10_Pro.jpg,1920,1080,throat,1018,240,1070,296
WIN_20220725_15_42_10_Pro.jpg,1920,1080,throat,846,232,914,296
WIN_20220725_15_42_13_Pro.jpg,1920,1080,throat,1022,244,1098,320
WIN_20220725_15_42_13_Pro.jpg,1920,1080,throat,834,240,902,320
WIN_20220725_15_42_15_Pro.jpg,1920,1080,throat,1034,224,1118,308
WIN_20220725_15_42_15_Pro.jpg,1920,1080,throat,818,216,902,312
WIN_20220725_15_42_17_Pro.jpg,1920,1080,throat,1186,188,1278,272
WIN_20220725_15_42_17_Pro.jpg,1920,1080,throat,970,188,1058,276
WIN_20220725_15_42_19_Pro.jpg,1920,1080,throat,1018,196,1082,268
WIN_20220725_15_42_19_Pro.jpg,1920,1080,throat,838,196,902,260
WIN_20220725_15_42_21_Pro.jpg,1920,1080,throat,1014,112,1102,208
WIN_20220725_15_42_21_Pro.jpg,1920,1080,throat,774,112,870,196
WIN_20220725_15_42_23_Pro.jpg,1920,1080,throat,898,100,982,180
WIN_20220725_15_42_23_Pro.jpg,1920,1080,throat,662,96,746,180
WIN_20220725_15_42_26_Pro.jpg,1920,1080,throat,1014,220,1098,268
WIN_20220725_15_42_26_Pro.jpg,1920,1080,throat,790,204,862,264
WIN_20220725_15_42_28_Pro.jpg,1920,1080,throat,1038,240,1118,296
WIN_20220725_15_42_28_Pro.jpg,1920,1080,throat,810,228,890,284
WIN_20220725_15_42_43_Pro.jpg,1920,1080,throat,1018,380,1118,440
WIN_20220725_15_42_43_Pro.jpg,1920,1080,throat,778,368,874,428
WIN_20220725_15_42_45_Pro.jpg,1920,1080,throat,994,316,1082,380
WIN_20220725_15_42_45_Pro.jpg,1920,1080,throat,742,316,822,388
WIN_20220725_15_42_47_Pro.jpg,1920,1080,throat,922,320,994,376
WIN_20220725_15_42_47_Pro.jpg,1920,1080,throat,702,316,786,376
WIN_20220725_15_42_49_Pro.jpg,1920,1080,throat,958,324,1034,372
WIN_20220725_15_42_49_Pro.jpg,1920,1080,throat,766,320,842,376
WIN_20220725_15_42_52_Pro.jpg,1920,1080,throat,894,336,970,408
WIN_20220725_15_42_52_Pro.jpg,1920,1080,throat,670,344,766,412
WIN_20220725_15_42_54_Pro.jpg,1920,1080,throat,994,316,1090,400
WIN_20220725_15_42_54_Pro.jpg,1920,1080,throat,778,328,870,388
WIN_20220725_15_42_56_Pro.jpg,1920,1080,throat,1034,372,1114,436
WIN_20220725_15_42_56_Pro.jpg,1920,1080,throat,818,368,890,428
WIN_20220725_15_42_58_Pro.jpg,1920,1080,throat,966,372,1050,432
WIN_20220725_15_42_58_Pro.jpg,1920,1080,throat,746,372,838,436
WIN_20220725_15_43_00_Pro.jpg,1920,1080,throat,946,360,1038,420
WIN_20220725_15_43_00_Pro.jpg,1920,1080,throat,706,356,794,420
WIN_20220725_15_43_03_Pro.jpg,1920,1080,throat,982,352,1066,444
WIN_20220725_15_43_03_Pro.jpg,1920,1080,throat,722,348,806,424
WIN_20220725_15_43_05_Pro.jpg,1920,1080,throat,1010,300,1094,408
WIN_20220725_15_43_05_Pro.jpg,1920,1080,throat,722,300,826,404
WIN_20220725_15_43_07_Pro.jpg,1920,1080,throat,998,312,1070,388
WIN_20220725_15_43_07_Pro.jpg,1920,1080,throat,770,312,850,384
WIN_20220725_15_43_09_Pro.jpg,1920,1080,throat,978,348,1062,424
WIN_20220725_15_43_09_Pro.jpg,1920,1080,throat,750,340,818,424
WIN_20220725_15_43_11_Pro.jpg,1920,1080,throat,1082,312,1158,384
WIN_20220725_15_43_11_Pro.jpg,1920,1080,throat,854,312,922,380
WIN_20220725_15_43_14_Pro.jpg,1920,1080,throat,1062,324,1146,400
WIN_20220725_15_43_14_Pro.jpg,1920,1080,throat,818,328,902,396
WIN_20220725_15_43_16_Pro.jpg,1920,1080,throat,1058,292,1142,360
WIN_20220725_15_43_16_Pro.jpg,1920,1080,throat,846,300,926,364
WIN_20220725_15_43_18_Pro.jpg,1920,1080,throat,1042,252,1122,328
WIN_20220725_15_43_18_Pro.jpg,1920,1080,throat,850,248,926,324
WIN_20220725_15_43_20_Pro.jpg,1920,1080,throat,874,272,958,348
WIN_20220725_15_43_20_Pro.jpg,1920,1080,throat,654,256,742,332
WIN_20220725_15_43_22_Pro.jpg,1920,1080,throat,1042,268,1122,332
WIN_20220725_15_43_22_Pro.jpg,1920,1080,throat,846,272,930,332
WIN_20220725_15_43_24_Pro.jpg,1920,1080,throat,1042,268,1138,344
WIN_20220725_15_43_24_Pro.jpg,1920,1080,throat,822,264,918,336
WIN_20220725_15_43_27_Pro.jpg,1920,1080,throat,1054,208,1146,300
WIN_20220725_15_43_27_Pro.jpg,1920,1080,throat,802,208,894,288
WIN_20220725_15_43_29_Pro.jpg,1920,1080,throat,1046,264,1126,332
WIN_20220725_15_43_29_Pro.jpg,1920,1080,throat,846,272,926,328
WIN_20220725_15_43_31_Pro.jpg,1920,1080,throat,1054,412,1138,460
WIN_20220725_15_43_31_Pro.jpg,1920,1080,throat,858,396,942,452
WIN_20220725_15_43_33_Pro.jpg,1920,1080,throat,1174,332,1270,400
WIN_20220725_15_43_33_Pro.jpg,1920,1080,throat,982,340,1066,400
WIN_20220725_15_43_35_Pro.jpg,1920,1080,throat,982,336,1066,404
WIN_20220725_15_43_35_Pro.jpg,1920,1080,throat,754,340,858,392
WIN_20220725_15_44_52_Pro.jpg,1920,1080,throat,1018,280,1098,348
WIN_20220725_15_44_52_Pro.jpg,1920,1080,throat,818,280,890,352
WIN_20220725_15_44_54_Pro.jpg,1920,1080,throat,794,268,870,352
WIN_20220725_15_44_54_Pro.jpg,1920,1080,throat,566,268,654,336
WIN_20220725_15_44_56_Pro.jpg,1920,1080,throat,922,260,1006,332
WIN_20220725_15_44_56_Pro.jpg,1920,1080,throat,702,248,770,324
WIN_20220725_15_44_58_Pro.jpg,1920,1080,throat,966,232,1054,320
WIN_20220725_15_44_58_Pro.jpg,1920,1080,throat,734,228,818,312
WIN_20220725_15_45_01_Pro.jpg,1920,1080,throat,1122,244,1222,320
WIN_20220725_15_45_01_Pro.jpg,1920,1080,throat,906,236,998,308
WIN_20220725_15_45_03_Pro.jpg,1920,1080,throat,1050,256,1138,324
WIN_20220725_15_45_03_Pro.jpg,1920,1080,throat,818,256,910,328
WIN_20220725_15_45_05_Pro.jpg,1920,1080,throat,1206,248,1298,320
WIN_20220725_15_45_05_Pro.jpg,1920,1080,throat,978,236,1070,312
WIN_20220725_15_45_07_Pro.jpg,1920,1080,throat,1026,288,1094,348
WIN_20220725_15_45_07_Pro.jpg,1920,1080,throat,830,284,906,340
WIN_20220725_15_45_09_Pro.jpg,1920,1080,throat,1054,400,1130,456
WIN_20220725_15_45_09_Pro.jpg,1920,1080,throat,858,392,946,456
WIN_20220725_15_45_11_Pro.jpg,1920,1080,throat,1046,476,1134,552
WIN_20220725_15_45_11_Pro.jpg,1920,1080,throat,866,476,946,536
WIN_20220725_15_45_13_Pro.jpg,1920,1080,throat,1038,356,1122,428
WIN_20220725_15_45_13_Pro.jpg,1920,1080,throat,834,360,938,416
WIN_20220725_15_45_16_Pro.jpg,1920,1080,throat,866,340,946,392
WIN_20220725_15_45_16_Pro.jpg,1920,1080,throat,666,328,754,384
WIN_20220725_15_45_18_Pro.jpg,1920,1080,throat,1126,360,1210,420
WIN_20220725_15_45_18_Pro.jpg,1920,1080,throat,938,356,1018,420
WIN_20220725_15_45_20_Pro.jpg,1920,1080,throat,1130,280,1230,384
WIN_20220725_15_45_20_Pro.jpg,1920,1080,throat,906,284,998,372
WIN_20220725_15_45_22_Pro.jpg,1920,1080,throat,1110,292,1226,364
WIN_20220725_15_45_22_Pro.jpg,1920,1080,throat,870,292,954,356
WIN_20220725_15_45_24_Pro.jpg,1920,1080,throat,1050,288,1150,368
WIN_20220725_15_45_24_Pro.jpg,1920,1080,throat,794,288,894,372
WIN_20220725_15_45_27_Pro.jpg,1920,1080,throat,938,296,1030,364
WIN_20220725_15_45_27_Pro.jpg,1920,1080,throat,710,288,794,360
WIN_20220725_15_45_29_Pro.jpg,1920,1080,throat,990,260,1082,348
WIN_20220725_15_45_29_Pro.jpg,1920,1080,throat,1198,260,1290,348
WIN_20220725_15_45_31_Pro.jpg,1920,1080,throat,1106,304,1170,376
WIN_20220725_15_45_31_Pro.jpg,1920,1080,throat,882,296,962,364
WIN_20220725_15_45_33_Pro.jpg,1920,1080,throat,1094,300,1166,360
WIN_20220725_15_45_33_Pro.jpg,1920,1080,throat,890,300,962,360
WIN_20220725_15_45_35_Pro.jpg,1920,1080,throat,1066,260,1166,328
WIN_20220725_15_45_35_Pro.jpg,1920,1080,throat,818,252,914,328
WIN_20220725_15_45_37_Pro.jpg,1920,1080,throat,1094,356,1162,408
WIN_20220725_15_45_37_Pro.jpg,1920,1080,throat,898,352,970,408
WIN_20220725_15_45_40_Pro.jpg,1920,1080,throat,1126,348,1190,412
WIN_20220725_15_45_40_Pro.jpg,1920,1080,throat,946,344,1022,408
WIN_20220725_15_45_42_Pro.jpg,1920,1080,throat,1178,348,1242,416
WIN_20220725_15_45_42_Pro.jpg,1920,1080,throat,986,352,1054,416
WIN_20220725_15_47_05_Pro.jpg,1920,1080,throat,1082,280,1154,348
WIN_20220725_15_47_05_Pro.jpg,1920,1080,throat,894,292,966,352
WIN_20220725_15_47_07_Pro.jpg,1920,1080,throat,1062,280,1162,372
WIN_20220725_15_47_07_Pro.jpg,1920,1080,throat,770,280,906,388
WIN_20220725_15_47_09_Pro.jpg,1920,1080,throat,918,220,1050,324
WIN_20220725_15_47_09_Pro.jpg,1920,1080,throat,602,204,754,328
WIN_20220725_15_47_12_Pro.jpg,1920,1080,throat,1014,336,1110,424
WIN_20220725_15_47_12_Pro.jpg,1920,1080,throat,774,348,866,424
WIN_20220725_15_47_14_Pro.jpg,1920,1080,throat,1074,480,1178,540
WIN_20220725_15_47_14_Pro.jpg,1920,1080,throat,870,464,958,528
WIN_20220725_15_47_16_Pro.jpg,1920,1080,throat,1194,424,1274,492
WIN_20220725_15_47_16_Pro.jpg,1920,1080,throat,990,420,1082,496
WIN_20220725_15_47_18_Pro.jpg,1920,1080,throat,1134,396,1222,464
WIN_20220725_15_47_18_Pro.jpg,1920,1080,throat,934,396,1026,460
WIN_20220725_15_47_20_Pro.jpg,1920,1080,throat,1066,392,1142,456
WIN_20220725_15_47_20_Pro.jpg,1920,1080,throat,894,384,970,448
WIN_20220725_15_47_23_Pro.jpg,1920,1080,throat,1102,380,1190,448
WIN_20220725_15_47_23_Pro.jpg,1920,1080,throat,906,368,998,444
WIN_20220725_15_47_25_Pro.jpg,1920,1080,throat,1150,256,1242,364
WIN_20220725_15_47_25_Pro.jpg,1920,1080,throat,958,248,1046,356
WIN_20220725_15_47_27_Pro.jpg,1920,1080,throat,1134,416,1218,508
WIN_20220725_15_47_27_Pro.jpg,1920,1080,throat,954,400,1030,500
WIN_20220725_15_48_02_Pro.jpg,1920,1080,throat,1222,232,1346,360
WIN_20220725_15_48_02_Pro.jpg,1920,1080,throat,962,184,1070,348
WIN_20220725_15_49_51_Pro.jpg,1920,1080,throat,1298,220,1390,296
WIN_20220725_15_49_51_Pro.jpg,1920,1080,throat,1102,212,1186,280
WIN_20220725_15_51_48_Pro.jpg,1920,1080,throat,1050,308,1126,384
WIN_20220725_15_51_48_Pro.jpg,1920,1080,throat,854,280,926,368
WIN_20220725_15_51_51_Pro.jpg,1920,1080,throat,1038,248,1114,308
WIN_20220725_15_51_51_Pro.jpg,1920,1080,throat,850,224,930,284
WIN_20220725_15_51_53_Pro.jpg,1920,1080,throat,1102,356,1178,440
WIN_20220725_15_51_53_Pro.jpg,1920,1080,throat,902,344,982,420
WIN_20220725_15_51_55_Pro.jpg,1920,1080,throat,1238,364,1306,436
WIN_20220725_15_51_55_Pro.jpg,1920,1080,throat,1038,336,1110,412
WIN_20220725_15_51_57_Pro.jpg,1920,1080,throat,1182,328,1254,400
WIN_20220725_15_51_57_Pro.jpg,1920,1080,throat,990,316,1078,384
WIN_20220725_15_51_59_Pro.jpg,1920,1080,throat,1190,340,1266,404
WIN_20220725_15_51_59_Pro.jpg,1920,1080,throat,978,320,1062,384
WIN_20220725_15_52_01_Pro.jpg,1920,1080,throat,1162,292,1258,384
WIN_20220725_15_52_01_Pro.jpg,1920,1080,throat,930,276,1026,368
WIN_20220725_15_52_04_Pro.jpg,1920,1080,throat,1122,284,1206,376
WIN_20220725_15_52_04_Pro.jpg,1920,1080,throat,890,272,994,360
WIN_20220725_15_52_06_Pro.jpg,1920,1080,throat,1190,312,1266,400
WIN_20220725_15_52_06_Pro.jpg,1920,1080,throat,934,280,1022,388
WIN_20220725_15_52_08_Pro.jpg,1920,1080,throat,966,328,1042,420
WIN_20220725_15_52_08_Pro.jpg,1920,1080,throat,722,288,826,396
WIN_20220725_15_52_10_Pro.jpg,1920,1080,throat,974,440,1054,528
WIN_20220725_15_52_10_Pro.jpg,1920,1080,throat,738,420,826,508
WIN_20220725_15_52_12_Pro.jpg,1920,1080,throat,990,216,1074,304
WIN_20220725_15_52_12_Pro.jpg,1920,1080,throat,746,196,822,276
WIN_20220725_15_52_14_Pro.jpg,1920,1080,throat,1286,260,1370,364
WIN_20220725_15_52_14_Pro.jpg,1920,1080,throat,1042,244,1138,336
WIN_20220725_15_52_17_Pro.jpg,1920,1080,throat,1178,376,1266,468
WIN_20220725_15_52_17_Pro.jpg,1920,1080,throat,922,352,1018,440
WIN_20220725_15_52_19_Pro.jpg,1920,1080,throat,894,320,978,404
WIN_20220725_15_52_19_Pro.jpg,1920,1080,throat,626,292,738,380
WIN_20220725_15_52_21_Pro.jpg,1920,1080,throat,1214,320,1310,404
WIN_20220725_15_52_21_Pro.jpg,1920,1080,throat,942,292,1030,376
WIN_20220725_15_53_24_Pro.jpg,1920,1080,throat,1110,616,1278,696
WIN_20220725_15_53_24_Pro.jpg,1920,1080,throat,782,616,1002,728
WIN_20220725_15_53_26_Pro.jpg,1920,1080,throat,1214,572,1398,684
WIN_20220725_15_53_28_Pro.jpg,1920,1080,throat,1218,608,1414,720
WIN_20220725_15_53_30_Pro.jpg,1920,1080,throat,1258,564,1474,700
WIN_20220725_15_53_32_Pro.jpg,1920,1080,throat,1334,500,1526,616
WIN_20220725_15_53_35_Pro.jpg,1920,1080,throat,1318,492,1474,604
WIN_20220725_15_54_00_Pro.jpg,1920,1080,throat,1214,564,1378,692
WIN_20220725_15_54_00_Pro.jpg,1920,1080,throat,890,564,1074,672
WIN_20220725_15_54_02_Pro.jpg,1920,1080,throat,1106,428,1274,556
WIN_20220725_15_54_02_Pro.jpg,1920,1080,throat,738,408,906,540
WIN_20220725_15_54_04_Pro.jpg,1920,1080,throat,1222,464,1398,572
WIN_20220725_15_54_07_Pro.jpg,1920,1080,throat,1258,468,1438,576
WIN_20220725_15_54_09_Pro.jpg,1920,1080,throat,990,432,1114,544
WIN_20220725_15_54_09_Pro.jpg,1920,1080,throat,702,444,858,532
WIN_20220725_15_54_11_Pro.jpg,1920,1080,throat,982,456,1102,540
WIN_20220725_15_54_11_Pro.jpg,1920,1080,throat,714,460,854,540
WIN_20220725_15_54_13_Pro.jpg,1920,1080,throat,946,508,1066,616
WIN_20220725_15_54_13_Pro.jpg,1920,1080,throat,710,508,830,604
WIN_20220725_15_54_15_Pro.jpg,1920,1080,throat,918,484,1034,588
WIN_20220725_15_54_15_Pro.jpg,1920,1080,throat,694,488,798,580
WIN_20220725_15_54_18_Pro.jpg,1920,1080,throat,1074,404,1210,556
WIN_20220725_15_54_18_Pro.jpg,1920,1080,throat,762,392,878,548
WIN_20220725_15_54_20_Pro.jpg,1920,1080,throat,1302,480,1466,628
WIN_20220725_15_54_20_Pro.jpg,1920,1080,throat,986,484,1110,608
WIN_20220725_15_54_22_Pro.jpg,1920,1080,throat,922,416,1058,572
WIN_20220725_15_54_22_Pro.jpg,1920,1080,throat,626,440,738,568
WIN_20220725_15_54_24_Pro.jpg,1920,1080,throat,946,424,1094,588
WIN_20220725_15_54_24_Pro.jpg,1920,1080,throat,646,436,754,580
WIN_20220725_15_54_26_Pro.jpg,1920,1080,throat,1134,460,1286,668
WIN_20220725_15_54_26_Pro.jpg,1920,1080,throat,826,472,930,640
WIN_20220725_15_54_28_Pro.jpg,1920,1080,throat,1026,488,1106,592
WIN_20220725_15_54_28_Pro.jpg,1920,1080,throat,826,496,910,580
WIN_20220725_15_54_31_Pro.jpg,1920,1080,throat,1162,484,1294,616
WIN_20220725_15_54_31_Pro.jpg,1920,1080,throat,866,504,982,592
WIN_20220725_15_54_33_Pro.jpg,1920,1080,throat,1230,484,1398,612
WIN_20220725_15_54_33_Pro.jpg,1920,1080,throat,934,512,1066,612
WIN_20220725_15_54_35_Pro.jpg,1920,1080,throat,962,404,1142,588
WIN_20220725_15_54_35_Pro.jpg,1920,1080,throat,670,396,818,576
WIN_20220725_15_54_37_Pro.jpg,1920,1080,throat,1074,372,1190,492
WIN_20220725_15_54_37_Pro.jpg,1920,1080,throat,830,384,938,496
WIN_20220725_15_54_39_Pro.jpg,1920,1080,throat,1142,348,1306,524
WIN_20220725_15_54_39_Pro.jpg,1920,1080,throat,818,364,954,496
WIN_20220725_15_54_41_Pro.jpg,1920,1080,throat,1070,448,1186,592
WIN_20220725_15_54_41_Pro.jpg,1920,1080,throat,798,460,894,580
WIN_20220725_15_54_44_Pro.jpg,1920,1080,throat,986,436,1118,612
WIN_20220725_15_54_44_Pro.jpg,1920,1080,throat,638,428,774,588
WIN_20220725_15_54_46_Pro.jpg,1920,1080,throat,1194,452,1318,604
WIN_20220725_15_54_46_Pro.jpg,1920,1080,throat,890,472,1002,612
WIN_20220725_15_54_48_Pro.jpg,1920,1080,throat,1222,364,1334,504
WIN_20220725_15_54_48_Pro.jpg,1920,1080,throat,962,372,1062,496
WIN_20220725_15_54_50_Pro.jpg,1920,1080,throat,1030,428,1162,552
WIN_20220725_15_54_50_Pro.jpg,1920,1080,throat,726,448,834,532
WIN_20220725_15_54_52_Pro.jpg,1920,1080,throat,1190,416,1302,548
WIN_20220725_15_54_52_Pro.jpg,1920,1080,throat,846,440,950,552
WIN_20220725_15_55_29_Pro.jpg,1920,1080,throat,1338,360,1498,500
WIN_20220725_15_55_29_Pro.jpg,1920,1080,throat,962,356,1110,460
WIN_20220725_15_55_31_Pro.jpg,1920,1080,throat,1474,404,1630,560
WIN_20220725_15_55_31_Pro.jpg,1920,1080,throat,1070,368,1234,500
WIN_20220725_15_55_34_Pro.jpg,1920,1080,throat,1398,380,1570,524
WIN_20220725_15_55_34_Pro.jpg,1920,1080,throat,1010,340,1190,484
WIN_20220725_15_55_36_Pro.jpg,1920,1080,throat,1662,512,1822,604
WIN_20220725_15_55_36_Pro.jpg,1920,1080,throat,1286,496,1430,600
WIN_20220725_15_55_38_Pro.jpg,1920,1080,throat,1322,424,1514,536
WIN_20220725_15_55_38_Pro.jpg,1920,1080,throat,970,392,1154,512
WIN_20220725_15_55_42_Pro.jpg,1920,1080,throat,1002,460,1154,572
WIN_20220725_15_55_42_Pro.jpg,1920,1080,throat,642,448,814,536
WIN_20220725_15_55_45_Pro.jpg,1920,1080,throat,1162,420,1350,524
WIN_20220725_15_55_45_Pro.jpg,1920,1080,throat,798,396,950,516
WIN_20220725_15_55_47_Pro.jpg,1920,1080,throat,1250,472,1406,612
WIN_20220725_15_55_47_Pro.jpg,1920,1080,throat,870,456,1014,576
WIN_20220725_15_55_51_Pro.jpg,1920,1080,throat,1418,372,1578,520
WIN_20220725_15_55_51_Pro.jpg,1920,1080,throat,1098,344,1218,452
WIN_20220725_15_55_53_Pro.jpg,1920,1080,throat,1034,392,1166,536
WIN_20220725_15_55_53_Pro.jpg,1920,1080,throat,718,356,842,464
WIN_20220725_15_55_55_Pro.jpg,1920,1080,throat,1150,420,1290,576
WIN_20220725_15_55_55_Pro.jpg,1920,1080,throat,806,400,926,492
WIN_20220725_15_55_58_Pro.jpg,1920,1080,throat,1154,436,1294,656
WIN_20220725_15_55_58_Pro.jpg,1920,1080,throat,794,412,934,540
WIN_20220725_15_56_00_Pro.jpg,1920,1080,throat,974,512,1098,620
WIN_20220725_15_56_02_Pro.jpg,1920,1080,throat,1306,484,1462,660
WIN_20220725_15_56_02_Pro.jpg,1920,1080,throat,934,460,1078,588
WIN_20220725_15_56_24_Pro.jpg,1920,1080,throat,1070,504,1166,632
WIN_20220725_15_56_24_Pro.jpg,1920,1080,throat,814,488,938,596
WIN_20220725_15_56_26_Pro.jpg,1920,1080,throat,1290,480,1382,620
WIN_20220725_15_56_26_Pro.jpg,1920,1080,throat,1018,488,1118,580
WIN_20220725_15_56_28_Pro.jpg,1920,1080,throat,998,324,1118,528
WIN_20220725_15_56_28_Pro.jpg,1920,1080,throat,730,308,850,488
WIN_20220725_15_56_30_Pro.jpg,1920,1080,throat,1310,480,1422,640
WIN_20220725_15_56_30_Pro.jpg,1920,1080,throat,966,448,1078,592
WIN_20220725_15_56_33_Pro.jpg,1920,1080,throat,1290,500,1410,648
WIN_20220725_15_56_33_Pro.jpg,1920,1080,throat,950,468,1070,592
WIN_20220725_15_56_35_Pro.jpg,1920,1080,throat,1334,484,1446,652
WIN_20220725_15_56_35_Pro.jpg,1920,1080,throat,982,440,1078,588
WIN_20220725_15_56_37_Pro.jpg,1920,1080,throat,1146,484,1258,652
WIN_20220725_15_56_37_Pro.jpg,1920,1080,throat,826,460,930,596
WIN_20220725_15_58_10_Pro.jpg,1920,1080,throat,1022,380,1126,516
WIN_20220725_15_58_10_Pro.jpg,1920,1080,throat,738,396,846,512
WIN_20220725_15_58_12_Pro.jpg,1920,1080,throat,942,368,1058,496
WIN_20220725_15_58_12_Pro.jpg,1920,1080,throat,658,364,758,480
WIN_20220725_15_58_14_Pro.jpg,1920,1080,throat,1154,460,1266,572
WIN_20220725_15_58_14_Pro.jpg,1920,1080,throat,850,476,974,560
WIN_20220725_15_58_16_Pro.jpg,1920,1080,throat,1054,392,1194,512
WIN_20220725_15_58_16_Pro.jpg,1920,1080,throat,774,412,874,512
WIN_20220725_15_58_18_Pro.jpg,1920,1080,throat,834,288,962,432
WIN_20220725_15_58_18_Pro.jpg,1920,1080,throat,530,304,654,424
WIN_20220725_15_58_20_Pro.jpg,1920,1080,throat,858,348,982,504
WIN_20220725_15_58_20_Pro.jpg,1920,1080,throat,542,356,654,492
WIN_20220725_15_58_23_Pro.jpg,1920,1080,throat,874,356,1006,504
WIN_20220725_15_58_23_Pro.jpg,1920,1080,throat,574,372,706,480
WIN_20220725_15_59_22_Pro.jpg,1920,1080,throat,918,444,1026,512
WIN_20220725_15_59_22_Pro.jpg,1920,1080,throat,682,452,794,548
WIN_20220725_15_59_24_Pro.jpg,1920,1080,throat,930,404,1026,488
WIN_20220725_15_59_24_Pro.jpg,1920,1080,throat,686,436,794,524
WIN_20220725_15_59_26_Pro.jpg,1920,1080,throat,1022,352,1114,444
WIN_20220725_15_59_26_Pro.jpg,1920,1080,throat,778,396,862,492
WIN_20220725_15_59_29_Pro.jpg,1920,1080,throat,1026,388,1118,464
WIN_20220725_15_59_29_Pro.jpg,1920,1080,throat,790,428,854,492
WIN_20220725_15_59_31_Pro.jpg,1920,1080,throat,758,412,854,492
WIN_20220725_15_59_33_Pro.jpg,1920,1080,throat,1042,364,1142,436
WIN_20220725_15_59_35_Pro.jpg,1920,1080,throat,806,400,890,456
WIN_20220725_15_59_35_Pro.jpg,1920,1080,throat,1014,372,1094,428
WIN_20220725_15_59_37_Pro.jpg,1920,1080,throat,706,444,806,524
WIN_20220725_15_59_37_Pro.jpg,1920,1080,throat,954,408,1050,476
WIN_20220725_15_59_40_Pro.jpg,1920,1080,throat,978,404,1086,492
WIN_20220725_15_59_40_Pro.jpg,1920,1080,throat,722,432,818,520
WIN_20220725_15_59_42_Pro.jpg,1920,1080,throat,1198,448,1306,524
WIN_20220725_15_59_42_Pro.jpg,1920,1080,throat,930,476,1022,560
WIN_20220725_15_59_44_Pro.jpg,1920,1080,throat,902,476,1006,556
WIN_20220725_15_59_44_Pro.jpg,1920,1080,throat,618,496,738,600
WIN_20220725_15_59_46_Pro.jpg,1920,1080,throat,1134,460,1242,568
WIN_20220725_15_59_46_Pro.jpg,1920,1080,throat,862,492,962,600
WIN_20220725_15_59_48_Pro.jpg,1920,1080,throat,1070,316,1182,416
WIN_20220725_15_59_48_Pro.jpg,1920,1080,throat,802,344,914,432
WIN_20220725_15_59_51_Pro.jpg,1920,1080,throat,1038,528,1154,616
WIN_20220725_15_59_51_Pro.jpg,1920,1080,throat,770,556,882,640
WIN_20220725_15_59_53_Pro.jpg,1920,1080,throat,1014,480,1138,580
WIN_20220725_15_59_53_Pro.jpg,1920,1080,throat,766,508,870,640
WIN_20220725_15_59_55_Pro.jpg,1920,1080,throat,1018,432,1142,544
WIN_20220725_15_59_55_Pro.jpg,1920,1080,throat,770,472,870,588
WIN_20220725_15_59_57_Pro.jpg,1920,1080,throat,710,488,806,584
WIN_20220725_15_59_59_Pro.jpg,1920,1080,throat,530,532,654,652
WIN_20220725_16_00_02_Pro.jpg,1920,1080,throat,886,516,1010,584
WIN_20220725_16_00_04_Pro.jpg,1920,1080,throat,622,496,730,568
WIN_20220725_16_00_04_Pro.jpg,1920,1080,throat,866,456,958,520
WIN_20220725_16_00_06_Pro.jpg,1920,1080,throat,606,540,714,612
WIN_20220725_16_00_08_Pro.jpg,1920,1080,throat,870,496,998,572
WIN_20220725_16_00_12_Pro.jpg,1920,1080,throat,654,492,762,572
WIN_20220725_16_00_12_Pro.jpg,1920,1080,throat,894,460,998,528
WIN_20220725_16_00_15_Pro.jpg,1920,1080,throat,826,472,934,556
WIN_20220725_16_00_15_Pro.jpg,1920,1080,throat,618,532,714,596
WIN_20220725_16_00_40_Pro.jpg,1920,1080,throat,994,556,1110,696
WIN_20220725_16_00_40_Pro.jpg,1920,1080,throat,714,540,822,676
WIN_20220725_16_00_42_Pro.jpg,1920,1080,throat,778,488,878,600
WIN_20220725_16_00_42_Pro.jpg,1920,1080,throat,1054,488,1154,604
WIN_20220725_16_00_44_Pro.jpg,1920,1080,throat,706,476,798,572
WIN_20220725_16_00_44_Pro.jpg,1920,1080,throat,982,464,1066,596
WIN_20220725_16_00_46_Pro.jpg,1920,1080,throat,894,460,994,568
WIN_20220725_16_00_46_Pro.jpg,1920,1080,throat,1158,456,1258,568
WIN_20220725_16_00_49_Pro.jpg,1920,1080,throat,738,508,830,616
WIN_20220725_16_00_51_Pro.jpg,1920,1080,throat,718,528,794,612
WIN_20220725_16_00_53_Pro.jpg,1920,1080,throat,798,504,910,580
WIN_20220725_16_00_53_Pro.jpg,1920,1080,throat,1074,492,1194,608
WIN_20220725_16_00_55_Pro.jpg,1920,1080,throat,826,520,910,592
WIN_20220725_16_00_55_Pro.jpg,1920,1080,throat,1062,524,1166,620
WIN_20220725_16_00_57_Pro.jpg,1920,1080,throat,814,524,906,600
WIN_20220725_16_00_57_Pro.jpg,1920,1080,throat,1058,524,1146,620
WIN_20220725_16_00_59_Pro.jpg,1920,1080,throat,782,500,878,592
WIN_20220725_16_00_59_Pro.jpg,1920,1080,throat,1086,512,1202,624
WIN_20220725_16_01_02_Pro.jpg,1920,1080,throat,1006,476,1110,580
WIN_20220725_16_01_02_Pro.jpg,1920,1080,throat,1306,476,1426,592
WIN_20220725_16_01_04_Pro.jpg,1920,1080,throat,626,468,742,568
WIN_20220725_16_01_04_Pro.jpg,1920,1080,throat,906,488,1026,608
WIN_20220725_16_01_06_Pro.jpg,1920,1080,throat,982,456,1094,564
WIN_20220725_16_01_06_Pro.jpg,1920,1080,throat,686,444,794,532
WIN_20220725_16_01_08_Pro.jpg,1920,1080,throat,966,484,1070,592
WIN_20220725_16_01_08_Pro.jpg,1920,1080,throat,666,476,778,576
WIN_20220725_16_01_10_Pro.jpg,1920,1080,throat,970,488,1086,588
WIN_20220725_16_01_10_Pro.jpg,1920,1080,throat,686,484,774,568
WIN_20220725_16_01_13_Pro.jpg,1920,1080,throat,994,584,1086,676
WIN_20220725_16_01_13_Pro.jpg,1920,1080,throat,706,580,814,660
WIN_20220725_16_01_15_Pro.jpg,1920,1080,throat,946,396,1058,516
WIN_20220725_16_01_15_Pro.jpg,1920,1080,throat,650,396,762,500
WIN_20220725_16_01_17_Pro.jpg,1920,1080,throat,958,400,1058,532
WIN_20220725_16_01_17_Pro.jpg,1920,1080,throat,650,400,762,496
WIN_20220725_16_01_19_Pro.jpg,1920,1080,throat,1150,416,1258,536
WIN_20220725_16_01_19_Pro.jpg,1920,1080,throat,834,412,938,496
WIN_20220725_16_01_21_Pro.jpg,1920,1080,throat,1150,404,1242,540
WIN_20220725_16_01_21_Pro.jpg,1920,1080,throat,834,408,930,500
WIN_20220725_16_01_23_Pro.jpg,1920,1080,throat,830,448,930,544
WIN_20220725_16_01_23_Pro.jpg,1920,1080,throat,534,444,638,528
WIN_20220725_16_01_26_Pro.jpg,1920,1080,throat,858,428,970,540
WIN_20220725_16_01_26_Pro.jpg,1920,1080,throat,570,440,690,520
WIN_20220725_16_01_28_Pro.jpg,1920,1080,throat,998,552,1090,656
WIN_20220725_16_01_28_Pro.jpg,1920,1080,throat,714,552,826,640
WIN_20220725_16_01_30_Pro.jpg,1920,1080,throat,654,500,782,608
WIN_20220725_16_01_30_Pro.jpg,1920,1080,throat,934,480,1062,636
WIN_20220725_16_01_32_Pro.jpg,1920,1080,throat,1078,492,1194,624
WIN_20220725_16_01_32_Pro.jpg,1920,1080,throat,786,504,906,592
WIN_20220725_16_01_34_Pro.jpg,1920,1080,throat,1070,512,1186,636
WIN_20220725_16_01_34_Pro.jpg,1920,1080,throat,766,528,870,604
WIN_20220725_16_01_36_Pro.jpg,1920,1080,throat,826,552,914,644
WIN_20220725_16_01_36_Pro.jpg,1920,1080,throat,542,568,670,632
WIN_20220725_16_01_39_Pro.jpg,1920,1080,throat,638,548,726,612
WIN_20220725_16_01_39_Pro.jpg,1920,1080,throat,890,540,978,616
WIN_20220725_16_01_41_Pro.jpg,1920,1080,throat,858,528,958,592
WIN_20220725_16_01_41_Pro.jpg,1920,1080,throat,622,536,726,584
WIN_20220725_16_01_43_Pro.jpg,1920,1080,throat,890,484,982,560
WIN_20220725_16_01_43_Pro.jpg,1920,1080,throat,634,500,742,552
WIN_20220725_16_01_45_Pro.jpg,1920,1080,throat,894,368,990,424
WIN_20220725_16_01_45_Pro.jpg,1920,1080,throat,670,368,774,424
WIN_20220725_16_01_47_Pro.jpg,1920,1080,throat,918,388,1030,480
WIN_20220725_16_01_47_Pro.jpg,1920,1080,throat,658,400,778,468
WIN_20220725_16_01_49_Pro.jpg,1920,1080,throat,1146,424,1250,508
WIN_20220725_16_01_49_Pro.jpg,1920,1080,throat,862,440,970,504
WIN_20220725_16_01_52_Pro.jpg,1920,1080,throat,854,440,958,540
WIN_20220725_16_01_52_Pro.jpg,1920,1080,throat,578,448,678,524
WIN_20220725_16_01_54_Pro.jpg,1920,1080,throat,842,444,946,536
WIN_20220725_16_01_54_Pro.jpg,1920,1080,throat,530,452,650,528
WIN_20220725_16_01_56_Pro.jpg,1920,1080,throat,882,444,974,528
WIN_20220725_16_01_56_Pro.jpg,1920,1080,throat,642,460,734,512
WIN_20220725_16_01_58_Pro.jpg,1920,1080,throat,770,432,854,500
WIN_20220725_16_01_58_Pro.jpg,1920,1080,throat,506,440,598,496
WIN_20220725_16_02_00_Pro.jpg,1920,1080,throat,1102,428,1194,532
WIN_20220725_16_02_00_Pro.jpg,1920,1080,throat,842,456,934,520
WIN_20220725_16_02_03_Pro.jpg,1920,1080,throat,842,496,914,576
WIN_20220725_16_02_03_Pro.jpg,1920,1080,throat,562,504,654,576
WIN_20220725_16_02_05_Pro.jpg,1920,1080,throat,890,484,1002,568
WIN_20220725_16_02_05_Pro.jpg,1920,1080,throat,602,480,702,560
WIN_20220725_16_02_07_Pro.jpg,1920,1080,throat,906,496,1010,596
WIN_20220725_16_02_07_Pro.jpg,1920,1080,throat,610,516,718,576
WIN_20220725_16_02_09_Pro.jpg,1920,1080,throat,922,380,1022,468
WIN_20220725_16_02_09_Pro.jpg,1920,1080,throat,674,396,778,472
WIN_20220725_16_02_11_Pro.jpg,1920,1080,throat,854,424,942,524
WIN_20220725_16_02_11_Pro.jpg,1920,1080,throat,578,432,678,552
WIN_20220725_16_02_14_Pro.jpg,1920,1080,throat,718,436,822,532
WIN_20220725_16_02_14_Pro.jpg,1920,1080,throat,402,456,514,556
WIN_20220725_16_02_16_Pro.jpg,1920,1080,throat,762,460,870,548
WIN_20220725_16_02_16_Pro.jpg,1920,1080,throat,430,460,546,544
WIN_20220725_16_04_03_Pro.jpg,1920,1080,throat,690,520,826,608
WIN_20220725_16_04_23_Pro.jpg,1920,1080,throat,1130,656,1246,816
WIN_20220725_16_04_23_Pro.jpg,1920,1080,throat,818,664,922,820
WIN_20220725_16_04_25_Pro.jpg,1920,1080,throat,1142,656,1246,796
WIN_20220725_16_04_25_Pro.jpg,1920,1080,throat,826,644,930,784
WIN_20220725_16_04_30_Pro.jpg,1920,1080,throat,850,604,978,704
WIN_20220725_16_04_32_Pro.jpg,1920,1080,throat,914,580,1050,732
WIN_20220725_16_04_32_Pro.jpg,1920,1080,throat,1350,572,1458,724
WIN_20220725_16_04_34_Pro.jpg,1920,1080,throat,894,568,1002,708
WIN_20220725_16_04_34_Pro.jpg,1920,1080,throat,1254,580,1350,696
WIN_20220725_16_04_36_Pro.jpg,1920,1080,throat,922,648,1010,748
WIN_20220725_16_04_36_Pro.jpg,1920,1080,throat,1242,656,1342,752
WIN_20220725_16_04_38_Pro.jpg,1920,1080,throat,874,668,982,844
WIN_20220725_16_04_38_Pro.jpg,1920,1080,throat,1242,660,1362,848
WIN_20220725_21_05_40_Pro.jpg,1920,1080,throat,1058,564,1150,684
WIN_20220725_21_05_40_Pro.jpg,1920,1080,throat,1374,548,1458,676
WIN_20220725_21_05_42_Pro.jpg,1920,1080,throat,838,612,902,700
WIN_20220725_21_05_42_Pro.jpg,1920,1080,throat,1110,596,1186,680
WIN_20220725_21_05_44_Pro.jpg,1920,1080,throat,774,580,858,680
WIN_20220725_21_05_44_Pro.jpg,1920,1080,throat,1118,564,1230,660
WIN_20220725_21_05_46_Pro.jpg,1920,1080,throat,946,568,1030,640
WIN_20220725_21_05_46_Pro.jpg,1920,1080,throat,1262,552,1350,628
WIN_20220725_21_05_48_Pro.jpg,1920,1080,throat,1194,500,1290,592
WIN_20220725_21_05_48_Pro.jpg,1920,1080,throat,862,500,958,596
WIN_20220725_21_05_50_Pro.jpg,1920,1080,throat,1206,500,1298,580
WIN_20220725_21_05_50_Pro.jpg,1920,1080,throat,942,500,1026,584
WIN_20220725_21_05_53_Pro.jpg,1920,1080,throat,1402,492,1486,576
WIN_20220725_21_05_53_Pro.jpg,1920,1080,throat,1130,504,1210,576
WIN_20220725_21_05_55_Pro.jpg,1920,1080,throat,1426,504,1530,620
WIN_20220725_21_05_55_Pro.jpg,1920,1080,throat,1054,508,1142,624
WIN_20220725_21_06_14_Pro.jpg,1920,1080,throat,1218,576,1302,648
WIN_20220725_21_06_14_Pro.jpg,1920,1080,throat,958,580,1022,640
WIN_20220725_21_06_16_Pro.jpg,1920,1080,throat,1182,552,1270,620
WIN_20220725_21_06_18_Pro.jpg,1920,1080,throat,1210,712,1338,796
WIN_20220725_21_06_47_Pro.jpg,1920,1080,throat,1002,444,1082,532
WIN_20220725_21_06_47_Pro.jpg,1920,1080,throat,810,440,874,520
WIN_20220725_21_06_49_Pro.jpg,1920,1080,throat,990,420,1058,504
WIN_20220725_21_06_49_Pro.jpg,1920,1080,throat,826,412,898,484
WIN_20220725_21_06_51_Pro.jpg,1920,1080,throat,1098,376,1186,472
WIN_20220725_21_06_51_Pro.jpg,1920,1080,throat,830,360,930,444
WIN_20220725_21_06_54_Pro.jpg,1920,1080,throat,1098,380,1170,504
WIN_20220725_21_06_54_Pro.jpg,1920,1080,throat,866,380,966,456
WIN_20220725_21_06_56_Pro.jpg,1920,1080,throat,1202,428,1266,520
WIN_20220725_21_06_56_Pro.jpg,1920,1080,throat,990,408,1062,472
WIN_20220725_21_06_58_Pro.jpg,1920,1080,throat,1170,456,1226,544
WIN_20220725_21_06_58_Pro.jpg,1920,1080,throat,970,436,1022,504
WIN_20220725_21_07_00_Pro.jpg,1920,1080,throat,1242,468,1294,548
WIN_20220725_21_07_00_Pro.jpg,1920,1080,throat,1046,440,1090,508
WIN_20220725_21_07_02_Pro.jpg,1920,1080,throat,994,468,1078,540
WIN_20220725_21_07_02_Pro.jpg,1920,1080,throat,1234,492,1294,588
WIN_20220725_21_07_04_Pro.jpg,1920,1080,throat,874,668,938,720
WIN_20220725_21_07_04_Pro.jpg,1920,1080,throat,1118,680,1170,728
WIN_20220725_21_07_06_Pro.jpg,1920,1080,throat,1106,504,1190,588
WIN_20220725_21_07_06_Pro.jpg,1920,1080,throat,894,492,954,580
WIN_20220725_21_07_08_Pro.jpg,1920,1080,throat,1150,424,1202,492
WIN_20220725_21_07_08_Pro.jpg,1920,1080,throat,950,404,1002,472
WIN_20220725_21_07_11_Pro.jpg,1920,1080,throat,1118,528,1162,600
WIN_20220725_21_07_11_Pro.jpg,1920,1080,throat,910,508,962,576
WIN_20220725_21_07_13_Pro.jpg,1920,1080,throat,898,548,958,600
WIN_20220725_21_07_13_Pro.jpg,1920,1080,throat,1094,560,1150,624
WIN_20220725_21_07_15_Pro.jpg,1920,1080,throat,1158,352,1250,480
WIN_20220725_21_07_15_Pro.jpg,1920,1080,throat,854,316,962,448
WIN_20220725_21_07_17_Pro.jpg,1920,1080,throat,1238,356,1362,520
WIN_20220725_21_07_17_Pro.jpg,1920,1080,throat,934,348,1038,480
WIN_20220725_21_07_19_Pro.jpg,1920,1080,throat,1054,328,1174,484
WIN_20220725_21_07_19_Pro.jpg,1920,1080,throat,698,320,806,456
WIN_20220725_21_07_21_Pro.jpg,1920,1080,throat,1130,596,1210,748
WIN_20220725_21_07_21_Pro.jpg,1920,1080,throat,766,584,854,716
WIN_20220725_21_07_23_Pro.jpg,1920,1080,throat,1146,688,1222,816
WIN_20220725_21_07_23_Pro.jpg,1920,1080,throat,806,672,886,788
WIN_20220725_21_07_26_Pro.jpg,1920,1080,throat,1162,320,1270,456
WIN_20220725_21_07_26_Pro.jpg,1920,1080,throat,830,280,922,416
WIN_20220725_21_08_45_Pro.jpg,1920,1080,throat,1074,440,1138,556
WIN_20220725_21_08_45_Pro.jpg,1920,1080,throat,798,456,878,552
WIN_20220725_21_08_47_Pro.jpg,1920,1080,throat,1142,320,1214,432
WIN_20220725_21_08_47_Pro.jpg,1920,1080,throat,870,328,946,432
WIN_20220725_21_08_50_Pro.jpg,1920,1080,throat,918,404,990,508
WIN_20220725_21_08_50_Pro.jpg,1920,1080,throat,634,396,710,508
WIN_20220725_21_08_52_Pro.jpg,1920,1080,throat,1082,456,1134,520
WIN_20220725_21_08_52_Pro.jpg,1920,1080,throat,878,456,922,516
WIN_20220725_21_08_54_Pro.jpg,1920,1080,throat,1362,448,1406,500
WIN_20220725_21_08_54_Pro.jpg,1920,1080,throat,1154,452,1194,512
WIN_20220725_21_08_56_Pro.jpg,1920,1080,throat,1302,692,1350,764
WIN_20220725_21_08_56_Pro.jpg,1920,1080,throat,1110,700,1150,756
WIN_20220725_21_08_58_Pro.jpg,1920,1080,throat,806,648,850,728
WIN_20220725_21_08_58_Pro.jpg,1920,1080,throat,602,660,634,724
WIN_20220725_21_09_00_Pro.jpg,1920,1080,throat,1078,596,1122,656
WIN_20220725_21_09_03_Pro.jpg,1920,1080,throat,1166,284,1206,352
WIN_20220725_21_09_03_Pro.jpg,1920,1080,throat,994,284,1034,348
WIN_20220725_21_09_05_Pro.jpg,1920,1080,throat,1178,276,1238,336
WIN_20220725_21_09_05_Pro.jpg,1920,1080,throat,1010,280,1058,340
WIN_20220725_21_09_07_Pro.jpg,1920,1080,throat,1278,452,1342,552
WIN_20220725_21_09_07_Pro.jpg,1920,1080,throat,1022,472,1086,556
WIN_20220725_21_09_09_Pro.jpg,1920,1080,throat,1062,460,1126,548
WIN_20220725_21_09_09_Pro.jpg,1920,1080,throat,814,464,882,552
WIN_20220725_21_09_11_Pro.jpg,1920,1080,throat,938,440,1002,536
WIN_20220725_21_09_11_Pro.jpg,1920,1080,throat,674,452,738,544
WIN_20220725_21_09_13_Pro.jpg,1920,1080,throat,1070,416,1158,528
WIN_20220725_21_09_13_Pro.jpg,1920,1080,throat,738,432,838,524
WIN_20220725_21_09_16_Pro.jpg,1920,1080,throat,1058,444,1174,556
WIN_20220725_21_09_16_Pro.jpg,1920,1080,throat,718,444,826,560
WIN_20220725_21_09_18_Pro.jpg,1920,1080,throat,1074,432,1174,544
WIN_20220725_21_09_18_Pro.jpg,1920,1080,throat,746,444,846,544
WIN_20220725_21_09_20_Pro.jpg,1920,1080,throat,1082,544,1170,668
WIN_20220725_21_09_20_Pro.jpg,1920,1080,throat,762,536,846,660
WIN_20220725_21_09_22_Pro.jpg,1920,1080,throat,1066,424,1142,524
WIN_20220725_21_09_22_Pro.jpg,1920,1080,throat,778,416,858,516
WIN_20220725_21_09_24_Pro.jpg,1920,1080,throat,1086,444,1162,520
WIN_20220725_21_09_24_Pro.jpg,1920,1080,throat,794,440,874,512
WIN_20220725_21_09_27_Pro.jpg,1920,1080,throat,1214,464,1278,540
WIN_20220725_21_09_27_Pro.jpg,1920,1080,throat,966,464,1054,540
WIN_20220725_21_10_03_Pro.jpg,1920,1080,throat,1098,436,1186,540
WIN_20220725_21_10_03_Pro.jpg,1920,1080,throat,818,456,902,556
WIN_20220725_21_10_05_Pro.jpg,1920,1080,throat,1126,416,1194,488
WIN_20220725_21_10_05_Pro.jpg,1920,1080,throat,914,424,982,500
WIN_20220725_21_10_07_Pro.jpg,1920,1080,throat,922,400,994,516
WIN_20220725_21_10_07_Pro.jpg,1920,1080,throat,694,440,754,508
WIN_20220725_21_10_09_Pro.jpg,1920,1080,throat,770,448,858,516
WIN_20220725_21_10_09_Pro.jpg,1920,1080,throat,1038,432,1118,520
WIN_20220725_21_10_12_Pro.jpg,1920,1080,throat,1130,420,1226,564
WIN_20220725_21_10_12_Pro.jpg,1920,1080,throat,790,436,894,564
WIN_20220725_21_10_14_Pro.jpg,1920,1080,throat,1390,496,1470,600
WIN_20220725_21_10_14_Pro.jpg,1920,1080,throat,1050,496,1150,612
WIN_20220725_21_10_16_Pro.jpg,1920,1080,throat,1126,444,1210,552
WIN_20220725_21_10_16_Pro.jpg,1920,1080,throat,802,448,898,560
WIN_20220725_21_10_18_Pro.jpg,1920,1080,throat,1346,512,1442,644
WIN_20220725_21_10_18_Pro.jpg,1920,1080,throat,1026,536,1114,652
WIN_20220725_21_10_20_Pro.jpg,1920,1080,throat,1302,616,1386,748
WIN_20220725_21_10_20_Pro.jpg,1920,1080,throat,974,628,1066,740
WIN_20220725_21_10_23_Pro.jpg,1920,1080,throat,1246,572,1306,672
WIN_20220725_21_10_23_Pro.jpg,1920,1080,throat,986,592,1054,676
WIN_20220725_21_10_25_Pro.jpg,1920,1080,throat,1226,524,1290,624
WIN_20220725_21_10_25_Pro.jpg,1920,1080,throat,1014,536,1078,620
WIN_20220725_21_10_27_Pro.jpg,1920,1080,throat,974,496,1038,596
WIN_20220725_21_10_27_Pro.jpg,1920,1080,throat,774,504,834,596
WIN_20220725_21_10_29_Pro.jpg,1920,1080,throat,766,488,834,592
WIN_20220725_21_10_29_Pro.jpg,1920,1080,throat,550,508,610,588
WIN_20220725_21_10_31_Pro.jpg,1920,1080,throat,794,500,858,600
WIN_20220725_21_10_31_Pro.jpg,1920,1080,throat,570,524,630,600
WIN_20220725_21_10_33_Pro.jpg,1920,1080,throat,1046,500,1106,576
WIN_20220725_21_10_33_Pro.jpg,1920,1080,throat,854,504,914,576
WIN_20220725_21_10_36_Pro.jpg,1920,1080,throat,1026,456,1074,532
WIN_20220725_21_10_36_Pro.jpg,1920,1080,throat,850,472,906,528
WIN_20220725_21_10_38_Pro.jpg,1920,1080,throat,1046,436,1090,512
WIN_20220725_21_10_38_Pro.jpg,1920,1080,throat,882,460,930,516
WIN_20220725_21_10_40_Pro.jpg,1920,1080,throat,1046,600,1094,672
WIN_20220725_21_10_40_Pro.jpg,1920,1080,throat,886,612,938,672
WIN_20220725_21_10_42_Pro.jpg,1920,1080,throat,1066,344,1110,436
WIN_20220725_21_10_42_Pro.jpg,1920,1080,throat,898,364,946,428
WIN_20220725_21_10_44_Pro.jpg,1920,1080,throat,706,424,766,508
WIN_20220725_21_10_44_Pro.jpg,1920,1080,throat,522,432,570,500
WIN_20220725_21_10_47_Pro.jpg,1920,1080,throat,1222,440,1278,516
WIN_20220725_21_10_47_Pro.jpg,1920,1080,throat,1050,436,1102,508
WIN_20220725_21_10_49_Pro.jpg,1920,1080,throat,1254,436,1338,540
WIN_20220725_21_10_49_Pro.jpg,1920,1080,throat,1006,452,1086,544
WIN_20220725_21_10_51_Pro.jpg,1920,1080,throat,966,416,1062,528
WIN_20220725_21_10_51_Pro.jpg,1920,1080,throat,746,420,834,516
WIN_20220725_21_10_53_Pro.jpg,1920,1080,throat,1406,480,1494,604
WIN_20220725_21_10_53_Pro.jpg,1920,1080,throat,1122,496,1218,604
WIN_20220725_21_10_55_Pro.jpg,1920,1080,throat,1354,584,1426,704
WIN_20220725_21_10_55_Pro.jpg,1920,1080,throat,1070,588,1150,696
WIN_20220725_21_10_57_Pro.jpg,1920,1080,throat,1322,248,1402,364
WIN_20220725_21_10_57_Pro.jpg,1920,1080,throat,1050,260,1122,368
WIN_20220725_21_11_00_Pro.jpg,1920,1080,throat,1062,340,1138,448
WIN_20220725_21_11_00_Pro.jpg,1920,1080,throat,790,348,870,436
WIN_20220725_21_11_02_Pro.jpg,1920,1080,throat,1338,560,1426,656
WIN_20220725_21_11_02_Pro.jpg,1920,1080,throat,1054,548,1138,648
WIN_20220725_21_11_04_Pro.jpg,1920,1080,throat,1054,584,1114,688
WIN_20220725_21_11_04_Pro.jpg,1920,1080,throat,782,584,846,676
WIN_20220725_21_12_41_Pro.jpg,1920,1080,throat,1030,536,1090,596
WIN_20220725_21_12_41_Pro.jpg,1920,1080,throat,838,536,890,592
WIN_20220725_21_12_44_Pro.jpg,1920,1080,throat,1042,504,1118,580
WIN_20220725_21_12_44_Pro.jpg,1920,1080,throat,814,512,874,584
WIN_20220725_21_12_46_Pro.jpg,1920,1080,throat,1350,552,1422,648
WIN_20220725_21_12_46_Pro.jpg,1920,1080,throat,1110,552,1182,648
WIN_20220725_21_12_48_Pro.jpg,1920,1080,throat,822,524,890,604
WIN_20220725_21_12_48_Pro.jpg,1920,1080,throat,594,532,658,616
WIN_20220725_21_12_50_Pro.jpg,1920,1080,throat,890,240,962,344
WIN_20220725_21_12_50_Pro.jpg,1920,1080,throat,666,244,742,348
WIN_20220725_21_12_52_Pro.jpg,1920,1080,throat,930,636,986,720
WIN_20220725_21_12_52_Pro.jpg,1920,1080,throat,698,636,758,716
WIN_20220725_21_12_54_Pro.jpg,1920,1080,throat,674,792,734,864
WIN_20220725_21_12_57_Pro.jpg,1920,1080,throat,1034,460,1134,580
WIN_20220725_21_12_57_Pro.jpg,1920,1080,throat,706,464,790,576
WIN_20220725_21_12_59_Pro.jpg,1920,1080,throat,1446,464,1542,596
WIN_20220725_21_12_59_Pro.jpg,1920,1080,throat,1110,468,1218,596
WIN_20220725_21_13_01_Pro.jpg,1920,1080,throat,890,444,978,604
WIN_20220725_21_13_01_Pro.jpg,1920,1080,throat,586,464,686,592
WIN_20220725_21_13_03_Pro.jpg,1920,1080,throat,970,344,1066,492
WIN_20220725_21_13_03_Pro.jpg,1920,1080,throat,646,348,750,476
WIN_20220725_21_13_05_Pro.jpg,1920,1080,throat,1382,404,1482,560
WIN_20220725_21_13_05_Pro.jpg,1920,1080,throat,1054,428,1158,552
WIN_20220725_21_13_07_Pro.jpg,1920,1080,throat,1282,616,1378,744
WIN_20220725_21_13_07_Pro.jpg,1920,1080,throat,986,624,1090,740
WIN_20220725_21_13_10_Pro.jpg,1920,1080,throat,1262,308,1362,428
WIN_20220725_21_13_10_Pro.jpg,1920,1080,throat,950,332,1078,436
WIN_20220725_21_13_12_Pro.jpg,1920,1080,throat,1242,476,1342,600
WIN_20220725_21_13_12_Pro.jpg,1920,1080,throat,822,484,914,584
WIN_20220725_21_13_14_Pro.jpg,1920,1080,throat,1214,412,1322,540
WIN_20220725_21_13_14_Pro.jpg,1920,1080,throat,854,412,966,520
WIN_20220725_21_13_16_Pro.jpg,1920,1080,throat,910,424,1010,540
WIN_20220725_21_13_16_Pro.jpg,1920,1080,throat,546,400,646,516
WIN_20220725_21_13_18_Pro.jpg,1920,1080,throat,1418,484,1530,616
WIN_20220725_21_13_18_Pro.jpg,1920,1080,throat,1070,472,1158,588
WIN_20220725_21_13_20_Pro.jpg,1920,1080,throat,1282,680,1398,796
WIN_20220725_21_13_20_Pro.jpg,1920,1080,throat,970,668,1070,768
WIN_20220725_21_13_23_Pro.jpg,1920,1080,throat,1014,508,1102,596
WIN_20220725_21_13_23_Pro.jpg,1920,1080,throat,730,508,810,576
WIN_20220725_21_13_25_Pro.jpg,1920,1080,throat,798,484,890,572
WIN_20220725_21_13_25_Pro.jpg,1920,1080,throat,522,480,606,560
WIN_20220725_21_13_27_Pro.jpg,1920,1080,throat,1254,576,1346,672
WIN_20220725_21_13_27_Pro.jpg,1920,1080,throat,958,560,1038,652
WIN_20220725_21_13_29_Pro.jpg,1920,1080,throat,1026,360,1114,444
WIN_20220725_21_13_29_Pro.jpg,1920,1080,throat,714,348,834,436
WIN_20220725_21_13_31_Pro.jpg,1920,1080,throat,1030,668,1114,760
WIN_20220725_21_13_31_Pro.jpg,1920,1080,throat,706,640,798,752
WIN_20220725_21_13_34_Pro.jpg,1920,1080,throat,1054,348,1134,456
WIN_20220725_21_13_34_Pro.jpg,1920,1080,throat,746,336,822,440
WIN_20220725_21_13_36_Pro.jpg,1920,1080,throat,794,348,886,460
WIN_20220725_21_13_36_Pro.jpg,1920,1080,throat,486,348,586,440
WIN_20220725_21_13_38_Pro.jpg,1920,1080,throat,1306,500,1382,600
WIN_20220725_21_13_38_Pro.jpg,1920,1080,throat,1006,496,1094,588
WIN_20220725_21_13_40_Pro.jpg,1920,1080,throat,1226,800,1306,888
WIN_20220725_21_13_40_Pro.jpg,1920,1080,throat,914,772,1002,852
WIN_20220725_21_13_42_Pro.jpg,1920,1080,throat,1142,368,1238,496
WIN_20220725_21_13_42_Pro.jpg,1920,1080,throat,878,352,958,476
WIN_20220725_21_13_44_Pro.jpg,1920,1080,throat,974,416,1054,536
WIN_20220725_21_13_44_Pro.jpg,1920,1080,throat,698,400,770,520
WIN_20220725_21_14_23_Pro.jpg,1920,1080,throat,1090,556,1166,640
WIN_20220725_21_14_25_Pro.jpg,1920,1080,throat,858,576,918,648
WIN_20220725_21_14_25_Pro.jpg,1920,1080,throat,1066,568,1122,656
WIN_20220725_21_14_27_Pro.jpg,1920,1080,throat,862,460,930,536
WIN_20220725_21_14_27_Pro.jpg,1920,1080,throat,1062,448,1150,540
WIN_20220725_21_14_30_Pro.jpg,1920,1080,throat,714,484,774,548
WIN_20220725_21_14_30_Pro.jpg,1920,1080,throat,934,496,998,568
WIN_20220725_21_14_32_Pro.jpg,1920,1080,throat,946,532,1006,596
WIN_20220725_21_14_32_Pro.jpg,1920,1080,throat,1182,528,1246,616
WIN_20220725_21_14_34_Pro.jpg,1920,1080,throat,826,424,930,532
WIN_20220725_21_14_34_Pro.jpg,1920,1080,throat,1142,416,1250,548
WIN_20220725_21_14_36_Pro.jpg,1920,1080,throat,914,544,970,596
WIN_20220725_21_14_36_Pro.jpg,1920,1080,throat,1098,532,1154,596
WIN_20220725_21_14_38_Pro.jpg,1920,1080,throat,1078,688,1134,772
WIN_20220725_21_14_38_Pro.jpg,1920,1080,throat,910,704,962,776
WIN_20220725_21_14_41_Pro.jpg,1920,1080,throat,1078,800,1126,888
WIN_20220725_21_14_41_Pro.jpg,1920,1080,throat,914,816,970,880
WIN_20220725_21_14_43_Pro.jpg,1920,1080,throat,746,636,798,712
WIN_20220725_21_14_43_Pro.jpg,1920,1080,throat,534,632,598,704
WIN_20220725_21_14_45_Pro.jpg,1920,1080,throat,1126,580,1178,648
WIN_20220725_21_14_45_Pro.jpg,1920,1080,throat,950,588,1010,644
WIN_20220725_21_14_47_Pro.jpg,1920,1080,throat,1086,340,1138,412
WIN_20220725_21_14_47_Pro.jpg,1920,1080,throat,914,336,982,400
WIN_20220725_21_14_49_Pro.jpg,1920,1080,throat,1102,252,1162,312
WIN_20220725_21_14_49_Pro.jpg,1920,1080,throat,918,248,986,304
WIN_20220725_21_14_52_Pro.jpg,1920,1080,throat,1254,232,1318,300
WIN_20220725_21_14_52_Pro.jpg,1920,1080,throat,1066,236,1126,296
WIN_20220725_21_14_54_Pro.jpg,1920,1080,throat,838,296,886,372
WIN_20220725_21_14_54_Pro.jpg,1920,1080,throat,642,288,698,344
WIN_20220725_21_14_56_Pro.jpg,1920,1080,throat,1070,380,1150,460
WIN_20220725_21_14_56_Pro.jpg,1920,1080,throat,862,380,942,444
WIN_20220725_21_15_52_Pro.jpg,1920,1080,throat,1074,460,1158,536
WIN_20220725_21_15_52_Pro.jpg,1920,1080,throat,866,452,942,520
WIN_20220725_21_15_55_Pro.jpg,1920,1080,throat,1138,392,1254,484
WIN_20220725_21_15_55_Pro.jpg,1920,1080,throat,882,400,986,472
WIN_20220725_21_15_57_Pro.jpg,1920,1080,throat,934,400,1038,504
WIN_20220725_21_15_57_Pro.jpg,1920,1080,throat,682,412,782,504
WIN_20220725_21_15_59_Pro.jpg,1920,1080,throat,1010,468,1106,584
WIN_20220725_21_15_59_Pro.jpg,1920,1080,throat,750,492,866,592
WIN_20220725_21_16_01_Pro.jpg,1920,1080,throat,1034,152,1146,256
WIN_20220725_21_16_01_Pro.jpg,1920,1080,throat,762,176,878,260
WIN_20220725_21_16_03_Pro.jpg,1920,1080,throat,1330,100,1438,228
WIN_20220725_21_16_03_Pro.jpg,1920,1080,throat,1066,136,1162,240
WIN_20220725_21_16_27_Pro.jpg,1920,1080,throat,1406,352,1530,524
WIN_20220725_21_16_27_Pro.jpg,1920,1080,throat,1078,384,1182,508
WIN_20220725_21_16_29_Pro.jpg,1920,1080,throat,1174,440,1266,572
WIN_20220725_21_16_29_Pro.jpg,1920,1080,throat,866,452,982,556
WIN_20220725_21_24_00_Pro.jpg,1920,1080,throat,954,480,1074,580
WIN_20220725_21_24_00_Pro.jpg,1920,1080,throat,690,496,806,600
WIN_20220725_21_24_02_Pro.jpg,1920,1080,throat,1110,508,1214,652
WIN_20220725_21_24_02_Pro.jpg,1920,1080,throat,818,508,918,624
WIN_20220725_21_24_04_Pro.jpg,1920,1080,throat,1002,360,1106,500
WIN_20220725_21_24_04_Pro.jpg,1920,1080,throat,706,396,814,512
WIN_20220725_21_24_07_Pro.jpg,1920,1080,throat,854,392,978,540
WIN_20220725_21_24_07_Pro.jpg,1920,1080,throat,538,424,638,544
WIN_20220725_21_24_31_Pro.jpg,1920,1080,throat,994,452,1106,632
WIN_20220725_21_24_31_Pro.jpg,1920,1080,throat,610,456,738,600
WIN_20220725_21_24_33_Pro.jpg,1920,1080,throat,1062,424,1170,580
WIN_20220725_21_24_33_Pro.jpg,1920,1080,throat,718,420,822,560
WIN_20220725_21_24_35_Pro.jpg,1920,1080,throat,1078,204,1190,372
WIN_20220725_21_24_35_Pro.jpg,1920,1080,throat,718,216,838,356
WIN_20220725_21_24_37_Pro.jpg,1920,1080,throat,1078,324,1222,544
WIN_20220725_21_24_37_Pro.jpg,1920,1080,throat,714,348,834,528
WIN_20220725_21_24_39_Pro.jpg,1920,1080,throat,1298,376,1414,532
WIN_20220725_21_24_39_Pro.jpg,1920,1080,throat,946,376,1050,516
WIN_20220725_21_24_42_Pro.jpg,1920,1080,throat,970,412,1082,576
WIN_20220725_21_24_42_Pro.jpg,1920,1080,throat,634,432,734,572
WIN_20220725_21_24_44_Pro.jpg,1920,1080,throat,1002,332,1122,504
WIN_20220725_21_24_44_Pro.jpg,1920,1080,throat,642,360,778,500
WIN_20220725_21_24_46_Pro.jpg,1920,1080,throat,998,364,1118,516
WIN_20220725_21_24_46_Pro.jpg,1920,1080,throat,678,360,770,492
WIN_20220725_21_24_48_Pro.jpg,1920,1080,throat,1358,388,1450,540
WIN_20220725_21_24_48_Pro.jpg,1920,1080,throat,994,388,1098,528
WIN_20220725_21_24_50_Pro.jpg,1920,1080,throat,1214,408,1322,568
WIN_20220725_21_24_50_Pro.jpg,1920,1080,throat,922,416,1010,544
WIN_20220725_21_24_52_Pro.jpg,1920,1080,throat,1026,368,1138,524
WIN_20220725_21_24_52_Pro.jpg,1920,1080,throat,722,388,822,504
WIN_20220725_21_24_55_Pro.jpg,1920,1080,throat,1166,428,1274,580
WIN_20220725_21_24_55_Pro.jpg,1920,1080,throat,834,436,946,556
WIN_20220725_21_25_18_Pro.jpg,1920,1080,throat,978,452,1086,532
WIN_20220725_21_25_18_Pro.jpg,1920,1080,throat,754,472,862,544
WIN_20220725_21_25_20_Pro.jpg,1920,1080,throat,1134,512,1250,604
WIN_20220725_21_25_20_Pro.jpg,1920,1080,throat,878,492,986,572
WIN_20220725_21_25_22_Pro.jpg,1920,1080,throat,1158,448,1274,584
WIN_20220725_21_25_22_Pro.jpg,1920,1080,throat,858,460,978,544
WIN_20220725_21_25_24_Pro.jpg,1920,1080,throat,1258,488,1378,596
WIN_20220725_21_25_24_Pro.jpg,1920,1080,throat,970,472,1058,556
WIN_20220725_21_25_26_Pro.jpg,1920,1080,throat,938,532,1034,620
WIN_20220725_21_25_26_Pro.jpg,1920,1080,throat,618,516,734,596
WIN_20220725_21_25_29_Pro.jpg,1920,1080,throat,1070,424,1186,524
WIN_20220725_21_25_29_Pro.jpg,1920,1080,throat,774,412,882,512
WIN_20220725_21_25_31_Pro.jpg,1920,1080,throat,1106,440,1202,544
WIN_20220725_21_25_31_Pro.jpg,1920,1080,throat,802,440,910,528
WIN_20220725_21_25_33_Pro.jpg,1920,1080,throat,1254,424,1362,572
WIN_20220725_21_25_33_Pro.jpg,1920,1080,throat,946,452,1058,560
WIN_20220725_21_25_35_Pro.jpg,1920,1080,throat,1118,416,1230,536
WIN_20220725_21_25_35_Pro.jpg,1920,1080,throat,826,424,930,516
WIN_20220725_21_25_37_Pro.jpg,1920,1080,throat,1134,536,1246,656
WIN_20220725_21_25_37_Pro.jpg,1920,1080,throat,838,544,930,628
WIN_20220725_21_25_39_Pro.jpg,1920,1080,throat,978,488,1078,584
WIN_20220725_21_25_39_Pro.jpg,1920,1080,throat,682,476,778,564
WIN_20220725_21_25_42_Pro.jpg,1920,1080,throat,1014,400,1126,520
WIN_20220725_21_25_44_Pro.jpg,1920,1080,throat,1198,516,1298,628
WIN_20220725_21_25_44_Pro.jpg,1920,1080,throat,902,516,994,608
WIN_20220725_21_25_46_Pro.jpg,1920,1080,throat,1162,516,1254,624
WIN_20220725_21_25_46_Pro.jpg,1920,1080,throat,854,508,946,612
WIN_20220725_21_25_48_Pro.jpg,1920,1080,throat,1122,408,1222,520
WIN_20220725_21_25_48_Pro.jpg,1920,1080,throat,830,404,930,508
WIN_20220725_21_25_50_Pro.jpg,1920,1080,throat,1054,440,1146,568
WIN_20220725_21_25_50_Pro.jpg,1920,1080,throat,754,448,850,552
WIN_20220725_21_26_26_Pro.jpg,1920,1080,throat,1058,404,1150,516
WIN_20220725_21_26_26_Pro.jpg,1920,1080,throat,742,412,858,528
WIN_20220725_21_26_28_Pro.jpg,1920,1080,throat,1042,316,1134,428
WIN_20220725_21_26_28_Pro.jpg,1920,1080,throat,774,332,862,424
WIN_20220725_21_26_30_Pro.jpg,1920,1080,throat,1226,304,1326,400
WIN_20220725_21_26_30_Pro.jpg,1920,1080,throat,938,316,1042,404
WIN_20220725_21_26_32_Pro.jpg,1920,1080,throat,1018,268,1118,372
WIN_20220725_21_26_32_Pro.jpg,1920,1080,throat,730,292,838,364
WIN_20220725_21_26_35_Pro.jpg,1920,1080,throat,1062,352,1154,432
WIN_20220725_21_26_35_Pro.jpg,1920,1080,throat,786,348,890,420
WIN_20220725_21_26_37_Pro.jpg,1920,1080,throat,1118,232,1202,344
WIN_20220725_21_26_37_Pro.jpg,1920,1080,throat,834,236,930,332
WIN_20220725_21_26_39_Pro.jpg,1920,1080,throat,1334,212,1422,324
WIN_20220725_21_26_39_Pro.jpg,1920,1080,throat,1038,200,1134,328
WIN_20220725_21_26_41_Pro.jpg,1920,1080,throat,1054,248,1154,364
WIN_20220725_21_26_41_Pro.jpg,1920,1080,throat,766,256,858,356
WIN_20220725_21_26_43_Pro.jpg,1920,1080,throat,1034,252,1142,348
WIN_20220725_21_26_43_Pro.jpg,1920,1080,throat,758,256,886,348
WIN_20220725_21_26_45_Pro.jpg,1920,1080,throat,1062,264,1170,360
WIN_20220725_21_26_45_Pro.jpg,1920,1080,throat,766,272,882,356
WIN_20220725_21_26_48_Pro.jpg,1920,1080,throat,794,272,918,360
WIN_20220725_21_26_48_Pro.jpg,1920,1080,throat,1114,268,1206,360
WIN_20220725_21_26_50_Pro.jpg,1920,1080,throat,726,296,826,408
WIN_20220725_21_26_50_Pro.jpg,1920,1080,throat,1062,288,1146,400
WIN_20220725_21_26_52_Pro.jpg,1920,1080,throat,1138,300,1230,432
WIN_20220725_21_26_52_Pro.jpg,1920,1080,throat,802,304,890,424
WIN_20220725_21_26_54_Pro.jpg,1920,1080,throat,1130,484,1234,604
WIN_20220725_21_26_54_Pro.jpg,1920,1080,throat,778,484,882,596
WIN_20220725_21_26_56_Pro.jpg,1920,1080,throat,1146,248,1242,336
WIN_20220725_21_26_56_Pro.jpg,1920,1080,throat,858,264,950,352
WIN_20220725_21_29_47_Pro.jpg,1920,1080,throat,930,392,1062,592
WIN_20220725_21_29_47_Pro.jpg,1920,1080,throat,558,420,690,572
WIN_20220725_21_29_50_Pro.jpg,1920,1080,throat,850,392,982,568
WIN_20220725_21_29_50_Pro.jpg,1920,1080,throat,478,424,594,552
WIN_20220725_21_29_52_Pro.jpg,1920,1080,throat,1166,428,1302,560
WIN_20220725_21_29_52_Pro.jpg,1920,1080,throat,802,440,942,600
WIN_20220725_21_29_54_Pro.jpg,1920,1080,throat,1078,392,1302,596
WIN_20220725_21_29_54_Pro.jpg,1920,1080,throat,734,424,882,628
WIN_20220725_21_29_56_Pro.jpg,1920,1080,throat,1142,368,1302,568
WIN_20220725_21_29_56_Pro.jpg,1920,1080,throat,722,388,870,580
WIN_20220725_21_29_58_Pro.jpg,1920,1080,throat,1026,440,1158,584
WIN_20220725_21_29_58_Pro.jpg,1920,1080,throat,726,488,838,592
WIN_20220725_21_30_00_Pro.jpg,1920,1080,throat,974,380,1106,512
WIN_20220725_21_30_00_Pro.jpg,1920,1080,throat,698,412,798,540
WIN_20220725_21_30_02_Pro.jpg,1920,1080,throat,938,380,1046,488
WIN_20220725_21_30_02_Pro.jpg,1920,1080,throat,686,412,782,508
WIN_20220725_21_30_05_Pro.jpg,1920,1080,throat,846,344,942,448
WIN_20220725_21_30_05_Pro.jpg,1920,1080,throat,542,384,666,480
WIN_20220725_21_30_07_Pro.jpg,1920,1080,throat,1034,328,1154,452
WIN_20220725_21_30_07_Pro.jpg,1920,1080,throat,758,368,882,480
WIN_20220725_21_30_09_Pro.jpg,1920,1080,throat,762,276,894,428
WIN_20220725_21_30_09_Pro.jpg,1920,1080,throat,1166,240,1318,408
WIN_20220725_21_30_11_Pro.jpg,1920,1080,throat,1190,348,1338,512
WIN_20220725_21_30_11_Pro.jpg,1920,1080,throat,786,352,934,528
WIN_20220725_21_30_13_Pro.jpg,1920,1080,throat,1206,344,1350,548
WIN_20220725_21_30_13_Pro.jpg,1920,1080,throat,794,376,958,556
WIN_20220725_21_30_15_Pro.jpg,1920,1080,throat,1146,160,1282,344
WIN_20220725_21_30_15_Pro.jpg,1920,1080,throat,758,184,898,332
WIN_20220725_21_30_17_Pro.jpg,1920,1080,throat,1066,228,1174,376
WIN_20220725_21_30_17_Pro.jpg,1920,1080,throat,726,244,842,372
WIN_20220725_21_30_20_Pro.jpg,1920,1080,throat,1142,76,1302,304
WIN_20220725_21_30_20_Pro.jpg,1920,1080,throat,726,96,870,296
WIN_20220725_21_30_22_Pro.jpg,1920,1080,throat,1122,304,1226,448
WIN_20220725_21_30_22_Pro.jpg,1920,1080,throat,822,304,906,428
WIN_20220725_21_30_24_Pro.jpg,1920,1080,throat,1042,320,1138,436
WIN_20220725_21_30_24_Pro.jpg,1920,1080,throat,806,344,890,432
WIN_20220725_21_30_26_Pro.jpg,1920,1080,throat,1066,300,1166,424
WIN_20220725_21_30_26_Pro.jpg,1920,1080,throat,810,332,902,412
WIN_20220725_21_30_28_Pro.jpg,1920,1080,throat,1162,240,1318,412
WIN_20220725_21_30_28_Pro.jpg,1920,1080,throat,846,268,958,408
WIN_20220725_21_30_30_Pro.jpg,1920,1080,throat,1222,248,1362,420
WIN_20220725_21_30_30_Pro.jpg,1920,1080,throat,854,264,974,404
WIN_20220725_21_30_33_Pro.jpg,1920,1080,throat,1198,176,1330,376
WIN_20220725_21_30_33_Pro.jpg,1920,1080,throat,838,200,966,360
WIN_20220725_21_30_35_Pro.jpg,1920,1080,throat,1114,256,1266,428
WIN_20220725_21_30_35_Pro.jpg,1920,1080,throat,754,296,882,444
WIN_20220725_21_30_37_Pro.jpg,1920,1080,throat,1018,368,1146,536
WIN_20220725_21_30_37_Pro.jpg,1920,1080,throat,654,336,790,456
WIN_20220725_21_30_39_Pro.jpg,1920,1080,throat,1066,336,1186,464
WIN_20220725_21_30_39_Pro.jpg,1920,1080,throat,738,360,866,484
WIN_20220725_21_30_41_Pro.jpg,1920,1080,throat,1106,220,1266,376
WIN_20220725_21_30_41_Pro.jpg,1920,1080,throat,762,260,890,388
WIN_20220725_21_30_43_Pro.jpg,1920,1080,throat,1130,320,1278,488
WIN_20220725_21_30_43_Pro.jpg,1920,1080,throat,794,348,906,480
WIN_20220725_21_30_46_Pro.jpg,1920,1080,throat,1182,372,1310,504
WIN_20220725_21_30_46_Pro.jpg,1920,1080,throat,802,392,930,512
WIN_20220725_21_30_48_Pro.jpg,1920,1080,throat,1178,324,1314,492
WIN_20220725_21_30_48_Pro.jpg,1920,1080,throat,782,340,902,496
WIN_20220725_21_30_50_Pro.jpg,1920,1080,throat,1190,332,1302,520
WIN_20220725_21_30_50_Pro.jpg,1920,1080,throat,786,344,890,516
WIN_20220725_21_30_52_Pro.jpg,1920,1080,throat,1170,280,1318,504
WIN_20220725_21_30_52_Pro.jpg,1920,1080,throat,798,344,902,500
WIN_20220725_21_30_54_Pro.jpg,1920,1080,throat,994,300,1126,516
WIN_20220725_21_30_54_Pro.jpg,1920,1080,throat,590,320,734,508
WIN_20220725_21_30_56_Pro.jpg,1920,1080,throat,1186,316,1330,524
WIN_20220725_21_30_56_Pro.jpg,1920,1080,throat,810,340,950,524
WIN_20220725_21_30_58_Pro.jpg,1920,1080,throat,1010,284,1118,440
WIN_20220725_21_30_58_Pro.jpg,1920,1080,throat,710,324,826,448
WIN_20220725_21_31_01_Pro.jpg,1920,1080,throat,1018,396,1142,548
WIN_20220725_21_31_01_Pro.jpg,1920,1080,throat,714,416,814,548
WIN_20220725_21_31_03_Pro.jpg,1920,1080,throat,934,392,1038,520
WIN_20220725_21_31_03_Pro.jpg,1920,1080,throat,678,412,762,520
WIN_20220725_21_31_05_Pro.jpg,1920,1080,throat,934,368,1030,496
WIN_20220725_21_31_05_Pro.jpg,1920,1080,throat,670,392,758,508
WIN_20220725_21_31_07_Pro.jpg,1920,1080,throat,1010,364,1126,488
WIN_20220725_21_31_07_Pro.jpg,1920,1080,throat,762,392,866,504
WIN_20220725_21_31_09_Pro.jpg,1920,1080,throat,910,376,1010,504
WIN_20220725_21_31_09_Pro.jpg,1920,1080,throat,662,408,750,508
WIN_20220725_21_31_12_Pro.jpg,1920,1080,throat,978,288,1094,448
WIN_20220725_21_31_12_Pro.jpg,1920,1080,throat,682,328,782,460
WIN_20220725_21_31_14_Pro.jpg,1920,1080,throat,1002,340,1114,500
WIN_20220725_21_31_14_Pro.jpg,1920,1080,throat,702,388,818,504
WIN_20220725_21_31_16_Pro.jpg,1920,1080,throat,918,336,1026,492
WIN_20220725_21_31_16_Pro.jpg,1920,1080,throat,622,380,722,504
WIN_20220725_21_31_18_Pro.jpg,1920,1080,throat,1090,368,1210,512
WIN_20220725_21_31_18_Pro.jpg,1920,1080,throat,790,404,902,520
WIN_20220725_21_31_20_Pro.jpg,1920,1080,throat,1170,312,1306,520
WIN_20220725_21_31_20_Pro.jpg,1920,1080,throat,806,364,926,512
WIN_20220725_21_31_23_Pro.jpg,1920,1080,throat,1034,348,1174,564
WIN_20220725_21_31_23_Pro.jpg,1920,1080,throat,658,376,786,536
WIN_20220725_21_31_25_Pro.jpg,1920,1080,throat,1050,368,1166,576
WIN_20220725_21_31_25_Pro.jpg,1920,1080,throat,654,388,782,560
WIN_20220725_21_31_27_Pro.jpg,1920,1080,throat,1038,364,1162,556
WIN_20220725_21_31_27_Pro.jpg,1920,1080,throat,654,392,782,540
WIN_20220725_21_31_29_Pro.jpg,1920,1080,throat,890,412,982,556
WIN_20220725_21_31_29_Pro.jpg,1920,1080,throat,610,424,706,552
WIN_20220725_21_31_31_Pro.jpg,1920,1080,throat,830,356,942,536
WIN_20220725_21_31_31_Pro.jpg,1920,1080,throat,514,376,634,516
WIN_20220725_21_31_33_Pro.jpg,1920,1080,throat,1130,296,1274,492
WIN_20220725_21_31_33_Pro.jpg,1920,1080,throat,786,332,930,492
WIN_20220725_21_31_36_Pro.jpg,1920,1080,throat,1090,356,1234,564
WIN_20220725_21_31_36_Pro.jpg,1920,1080,throat,722,384,846,548
WIN_20220725_21_31_38_Pro.jpg,1920,1080,throat,978,340,1066,492
WIN_20220725_21_31_38_Pro.jpg,1920,1080,throat,682,368,778,496
WIN_20220725_21_31_40_Pro.jpg,1920,1080,throat,1010,340,1114,500
WIN_20220725_21_31_40_Pro.jpg,1920,1080,throat,706,360,806,488
WIN_20220725_21_31_42_Pro.jpg,1920,1080,throat,1030,364,1150,504
WIN_20220725_21_31_42_Pro.jpg,1920,1080,throat,762,388,862,504
WIN_20220725_21_31_44_Pro.jpg,1920,1080,throat,1078,356,1202,560
WIN_20220725_21_31_44_Pro.jpg,1920,1080,throat,766,392,882,532
WIN_20220725_21_31_47_Pro.jpg,1920,1080,throat,1062,364,1210,540
WIN_20220725_21_31_47_Pro.jpg,1920,1080,throat,746,404,874,528
WIN_20220725_21_31_49_Pro.jpg,1920,1080,throat,1046,336,1178,528
WIN_20220725_21_31_49_Pro.jpg,1920,1080,throat,710,348,862,504
WIN_20220725_21_31_51_Pro.jpg,1920,1080,throat,1070,296,1218,508
WIN_20220725_21_31_51_Pro.jpg,1920,1080,throat,698,320,842,484
WIN_20220725_21_31_53_Pro.jpg,1920,1080,throat,946,316,1098,544
WIN_20220725_21_31_53_Pro.jpg,1920,1080,throat,582,328,730,524
WIN_20220725_21_31_55_Pro.jpg,1920,1080,throat,1158,348,1306,540
WIN_20220725_21_31_55_Pro.jpg,1920,1080,throat,838,372,966,528
WIN_20220725_21_31_58_Pro.jpg,1920,1080,throat,806,368,950,552
WIN_20220725_21_31_58_Pro.jpg,1920,1080,throat,430,368,570,508
WIN_20220725_21_32_00_Pro.jpg,1920,1080,throat,962,344,1098,532
WIN_20220725_21_32_00_Pro.jpg,1920,1080,throat,622,352,746,492
WIN_20220725_21_32_02_Pro.jpg,1920,1080,throat,1006,352,1150,532
WIN_20220725_21_32_02_Pro.jpg,1920,1080,throat,666,372,818,520
WIN_20220725_21_32_04_Pro.jpg,1920,1080,throat,986,344,1150,568
WIN_20220725_21_32_04_Pro.jpg,1920,1080,throat,614,348,754,512
WIN_20220725_21_32_06_Pro.jpg,1920,1080,throat,922,340,1066,500
WIN_20220725_21_32_06_Pro.jpg,1920,1080,throat,586,352,726,484
WIN_20220725_21_32_35_Pro.jpg,1920,1080,throat,918,360,1050,548
WIN_20220725_21_32_35_Pro.jpg,1920,1080,throat,586,364,734,520
WIN_20220725_21_32_37_Pro.jpg,1920,1080,throat,1030,340,1166,528
WIN_20220725_21_32_37_Pro.jpg,1920,1080,throat,690,344,814,512
WIN_20220725_21_32_39_Pro.jpg,1920,1080,throat,1078,344,1210,540
WIN_20220725_21_32_39_Pro.jpg,1920,1080,throat,722,348,830,520
WIN_20220725_21_32_41_Pro.jpg,1920,1080,throat,1010,320,1130,508
WIN_20220725_21_32_41_Pro.jpg,1920,1080,throat,698,324,802,508
WIN_20220725_21_32_43_Pro.jpg,1920,1080,throat,978,336,1082,496
WIN_20220725_21_32_43_Pro.jpg,1920,1080,throat,682,356,794,512
WIN_20220725_21_32_45_Pro.jpg,1920,1080,throat,962,384,1034,496
WIN_20220725_21_32_45_Pro.jpg,1920,1080,throat,758,412,834,508
WIN_20220725_21_32_48_Pro.jpg,1920,1080,throat,998,372,1070,484
WIN_20220725_21_32_48_Pro.jpg,1920,1080,throat,750,404,826,504
WIN_20220725_21_32_50_Pro.jpg,1920,1080,throat,950,336,1046,460
WIN_20220725_21_32_50_Pro.jpg,1920,1080,throat,706,352,790,476
WIN_20220725_21_32_52_Pro.jpg,1920,1080,throat,970,328,1066,444
WIN_20220725_21_32_52_Pro.jpg,1920,1080,throat,726,356,802,460
WIN_20220725_21_32_54_Pro.jpg,1920,1080,throat,982,352,1074,468
WIN_20220725_21_32_54_Pro.jpg,1920,1080,throat,730,372,814,484
WIN_20220725_21_32_56_Pro.jpg,1920,1080,throat,986,340,1074,480
WIN_20220725_21_32_56_Pro.jpg,1920,1080,throat,726,368,822,492
WIN_20220725_21_32_59_Pro.jpg,1920,1080,throat,758,320,862,448
WIN_20220725_21_32_59_Pro.jpg,1920,1080,throat,490,352,586,472
WIN_20220725_21_33_01_Pro.jpg,1920,1080,throat,1086,348,1194,468
WIN_20220725_21_33_01_Pro.jpg,1920,1080,throat,826,368,922,500
WIN_20220725_21_33_03_Pro.jpg,1920,1080,throat,1054,324,1154,452
WIN_20220725_21_33_03_Pro.jpg,1920,1080,throat,806,344,894,476
WIN_20220725_21_33_05_Pro.jpg,1920,1080,throat,1074,304,1166,456
WIN_20220725_21_33_05_Pro.jpg,1920,1080,throat,794,356,898,480
WIN_20220725_21_33_07_Pro.jpg,1920,1080,throat,1134,316,1238,460
WIN_20220725_21_33_07_Pro.jpg,1920,1080,throat,866,360,950,472
WIN_20220725_21_33_09_Pro.jpg,1920,1080,throat,1138,324,1230,456
WIN_20220725_21_33_09_Pro.jpg,1920,1080,throat,858,360,942,476
WIN_20220725_21_33_12_Pro.jpg,1920,1080,throat,1070,288,1170,428
WIN_20220725_21_33_12_Pro.jpg,1920,1080,throat,786,316,882,456
WIN_20220725_21_33_14_Pro.jpg,1920,1080,throat,1182,280,1282,448
WIN_20220725_21_33_14_Pro.jpg,1920,1080,throat,858,304,978,472
WIN_20220725_21_33_16_Pro.jpg,1920,1080,throat,1178,292,1294,464
WIN_20220725_21_33_16_Pro.jpg,1920,1080,throat,866,332,966,488
WIN_20220725_21_33_18_Pro.jpg,1920,1080,throat,1206,288,1322,448
WIN_20220725_21_33_18_Pro.jpg,1920,1080,throat,894,316,1010,468
WIN_20220725_21_33_20_Pro.jpg,1920,1080,throat,1046,268,1162,440
WIN_20220725_21_33_20_Pro.jpg,1920,1080,throat,742,312,854,484
WIN_20220725_21_33_23_Pro.jpg,1920,1080,throat,1142,328,1254,488
WIN_20220725_21_33_23_Pro.jpg,1920,1080,throat,814,356,914,516
WIN_20220725_21_33_25_Pro.jpg,1920,1080,throat,1230,320,1350,480
WIN_20220725_21_33_25_Pro.jpg,1920,1080,throat,930,360,1010,480
WIN_20220725_21_33_27_Pro.jpg,1920,1080,throat,1222,312,1342,488
WIN_20220725_21_33_27_Pro.jpg,1920,1080,throat,926,336,1010,476
WIN_20220725_21_33_29_Pro.jpg,1920,1080,throat,1122,332,1214,472
WIN_20220725_21_33_29_Pro.jpg,1920,1080,throat,814,352,910,500
WIN_20220725_21_33_31_Pro.jpg,1920,1080,throat,1170,320,1278,472
WIN_20220725_21_33_31_Pro.jpg,1920,1080,throat,870,360,950,500
WIN_20220725_21_33_33_Pro.jpg,1920,1080,throat,1210,292,1314,440
WIN_20220725_21_33_33_Pro.jpg,1920,1080,throat,906,304,1010,464
WIN_20220725_21_33_36_Pro.jpg,1920,1080,throat,1190,296,1302,444
WIN_20220725_21_33_36_Pro.jpg,1920,1080,throat,898,320,994,444
WIN_20220725_21_33_38_Pro.jpg,1920,1080,throat,1270,296,1386,464
WIN_20220725_21_33_38_Pro.jpg,1920,1080,throat,950,316,1046,472
WIN_20220725_21_33_40_Pro.jpg,1920,1080,throat,1122,308,1226,460
WIN_20220725_21_33_40_Pro.jpg,1920,1080,throat,838,328,926,456
WIN_20220725_21_33_42_Pro.jpg,1920,1080,throat,1146,352,1226,480
WIN_20220725_21_33_42_Pro.jpg,1920,1080,throat,898,376,974,484
WIN_20220725_21_33_44_Pro.jpg,1920,1080,throat,1210,324,1298,452
WIN_20220725_21_33_44_Pro.jpg,1920,1080,throat,954,340,1022,460
WIN_20220725_21_33_46_Pro.jpg,1920,1080,throat,1162,284,1266,440
WIN_20220725_21_33_46_Pro.jpg,1920,1080,throat,902,312,998,428
WIN_20220725_21_33_49_Pro.jpg,1920,1080,throat,1098,328,1190,464
WIN_20220725_21_33_49_Pro.jpg,1920,1080,throat,858,340,942,472
WIN_20220725_21_33_51_Pro.jpg,1920,1080,throat,1134,336,1222,472
WIN_20220725_21_33_51_Pro.jpg,1920,1080,throat,898,360,982,472
WIN_20220725_21_33_53_Pro.jpg,1920,1080,throat,1214,284,1306,440
WIN_20220725_21_33_53_Pro.jpg,1920,1080,throat,938,304,1022,428
WIN_20220725_21_33_55_Pro.jpg,1920,1080,throat,1194,296,1282,428
WIN_20220725_21_33_55_Pro.jpg,1920,1080,throat,922,312,998,428
WIN_20220725_21_33_57_Pro.jpg,1920,1080,throat,1202,284,1294,428
WIN_20220725_21_33_57_Pro.jpg,1920,1080,throat,910,288,1006,416
WIN_20220725_21_34_00_Pro.jpg,1920,1080,throat,1202,268,1310,432
WIN_20220725_21_34_00_Pro.jpg,1920,1080,throat,918,284,1014,428
WIN_20220725_21_34_02_Pro.jpg,1920,1080,throat,1250,232,1386,400
WIN_20220725_21_34_04_Pro.jpg,1920,1080,throat,1266,392,1358,540
WIN_20220725_21_34_06_Pro.jpg,1920,1080,throat,1198,340,1310,500
WIN_20220725_21_34_08_Pro.jpg,1920,1080,throat,1286,360,1386,528
WIN_20220725_21_34_08_Pro.jpg,1920,1080,throat,1030,392,1106,488
WIN_20220725_21_34_11_Pro.jpg,1920,1080,throat,1342,296,1446,448
WIN_20220725_21_34_11_Pro.jpg,1920,1080,throat,1090,316,1146,404
WIN_20220725_21_34_13_Pro.jpg,1920,1080,throat,1214,272,1294,404
WIN_20220725_21_34_13_Pro.jpg,1920,1080,throat,950,272,1030,396
WIN_20220725_21_34_15_Pro.jpg,1920,1080,throat,1250,272,1334,416
WIN_20220725_21_34_15_Pro.jpg,1920,1080,throat,974,280,1054,392
WIN_20220725_21_34_17_Pro.jpg,1920,1080,throat,1278,232,1386,416
WIN_20220725_21_34_17_Pro.jpg,1920,1080,throat,966,244,1058,372
WIN_20220725_21_34_19_Pro.jpg,1920,1080,throat,1314,180,1450,372
WIN_20220725_21_34_19_Pro.jpg,1920,1080,throat,982,184,1082,332
WIN_20220725_21_34_21_Pro.jpg,1920,1080,throat,1286,204,1386,376
WIN_20220725_21_34_21_Pro.jpg,1920,1080,throat,1010,220,1082,320
WIN_20220725_21_34_24_Pro.jpg,1920,1080,throat,1298,228,1394,376
WIN_20220725_21_34_26_Pro.jpg,1920,1080,throat,1146,240,1246,380
WIN_20220725_21_34_26_Pro.jpg,1920,1080,throat,870,248,950,336
WIN_20220725_21_34_28_Pro.jpg,1920,1080,throat,1246,204,1362,384
WIN_20220725_21_34_28_Pro.jpg,1920,1080,throat,950,200,1054,324
WIN_20220725_21_34_30_Pro.jpg,1920,1080,throat,1206,276,1302,416
WIN_20220725_21_34_30_Pro.jpg,1920,1080,throat,966,272,1050,360
WIN_20220725_21_34_32_Pro.jpg,1920,1080,throat,1186,232,1278,372
WIN_20220725_21_34_32_Pro.jpg,1920,1080,throat,946,236,1030,336
WIN_20220725_21_34_35_Pro.jpg,1920,1080,throat,1202,204,1286,332
WIN_20220725_21_34_35_Pro.jpg,1920,1080,throat,970,196,1034,276
WIN_20220725_21_34_37_Pro.jpg,1920,1080,throat,1202,164,1318,308
WIN_20220725_21_34_37_Pro.jpg,1920,1080,throat,902,156,1002,256
WIN_20220725_21_34_39_Pro.jpg,1920,1080,throat,1230,220,1342,372
WIN_20220725_21_34_39_Pro.jpg,1920,1080,throat,946,212,1038,312
WIN_20220725_21_35_01_Pro.jpg,1920,1080,throat,1178,268,1246,352
WIN_20220725_21_35_01_Pro.jpg,1920,1080,throat,982,268,1058,332
WIN_20220725_21_35_03_Pro.jpg,1920,1080,throat,1210,240,1290,328
WIN_20220725_21_35_03_Pro.jpg,1920,1080,throat,1006,252,1074,312
WIN_20220725_21_35_05_Pro.jpg,1920,1080,throat,1198,232,1286,332
WIN_20220725_21_35_05_Pro.jpg,1920,1080,throat,958,236,1058,312
WIN_20220725_21_35_07_Pro.jpg,1920,1080,throat,1234,228,1322,336
WIN_20220725_21_35_10_Pro.jpg,1920,1080,throat,1158,224,1258,336
WIN_20220725_21_35_10_Pro.jpg,1920,1080,throat,926,232,998,312
WIN_20220725_21_35_12_Pro.jpg,1920,1080,throat,1138,264,1210,360
WIN_20220725_21_35_12_Pro.jpg,1920,1080,throat,910,268,974,348
WIN_20220725_21_35_14_Pro.jpg,1920,1080,throat,1098,272,1170,380
WIN_20220725_21_35_14_Pro.jpg,1920,1080,throat,870,280,970,352
WIN_20220725_21_35_36_Pro.jpg,1920,1080,throat,1166,204,1254,308
WIN_20220725_21_35_36_Pro.jpg,1920,1080,throat,978,212,1042,308
WIN_20220725_21_35_38_Pro.jpg,1920,1080,throat,1178,232,1254,332
WIN_20220725_21_35_38_Pro.jpg,1920,1080,throat,986,240,1050,312
WIN_20220725_21_35_40_Pro.jpg,1920,1080,throat,1134,256,1202,360
WIN_20220725_21_35_42_Pro.jpg,1920,1080,throat,1098,244,1170,356
WIN_20220725_21_35_42_Pro.jpg,1920,1080,throat,906,260,990,332
WIN_20220725_21_35_44_Pro.jpg,1920,1080,throat,878,252,946,328
WIN_20220725_21_35_44_Pro.jpg,1920,1080,throat,1058,248,1126,328
WIN_20220725_21_35_47_Pro.jpg,1920,1080,throat,830,240,906,304
WIN_20220725_21_35_49_Pro.jpg,1920,1080,throat,810,252,894,332
WIN_20220725_21_36_11_Pro.jpg,1920,1080,throat,902,180,998,276
WIN_20220725_21_36_11_Pro.jpg,1920,1080,throat,1162,156,1238,284
WIN_20220725_21_36_13_Pro.jpg,1920,1080,throat,1234,176,1334,304
WIN_20220725_21_36_13_Pro.jpg,1920,1080,throat,966,188,1042,276
WIN_20220725_21_36_15_Pro.jpg,1920,1080,throat,1270,132,1366,268
WIN_20220725_21_36_15_Pro.jpg,1920,1080,throat,1002,144,1098,236
WIN_20220725_21_36_17_Pro.jpg,1920,1080,throat,1346,144,1462,272
WIN_20220725_21_36_17_Pro.jpg,1920,1080,throat,1074,144,1170,244
WIN_20220725_21_36_19_Pro.jpg,1920,1080,throat,1230,192,1346,328
WIN_20220725_21_36_19_Pro.jpg,1920,1080,throat,978,208,1098,308
WIN_20220725_21_36_21_Pro.jpg,1920,1080,throat,1186,172,1282,312
WIN_20220725_21_36_21_Pro.jpg,1920,1080,throat,910,188,1014,288
WIN_20220725_21_36_24_Pro.jpg,1920,1080,throat,874,192,974,296
WIN_20220725_21_36_24_Pro.jpg,1920,1080,throat,1154,180,1214,304
